,p_val,avg_logFC,pct.1,pct.2,p_val_adj
Rc3h2,1.03E-32,-0.617329917,0.037,0.955,3.19E-28
BC005561,9.33E-32,-0.941100541,0.062,0.965,2.90E-27
Rnpc3,9.83E-32,-0.798266139,0.012,0.881,3.05E-27
Ubn2,5.23E-31,-0.845821993,0.074,0.965,1.62E-26
Srek1,1.57E-30,-0.793634167,0.049,0.93,4.88E-26
Zdbf2,3.06E-30,-0.758627935,0.062,0.945,9.51E-26
Pkn2,3.34E-30,-0.810152235,0.062,0.95,1.04E-25
Uvssa,4.36E-30,-0.801815406,0.049,0.93,1.36E-25
Sec63,9.71E-30,-0.917989357,0.086,0.95,3.02E-25
D3Ertd751e,1.01E-29,-0.669921076,0.037,0.905,3.14E-25
Atp2c1,1.44E-29,-0.656216696,0.012,0.856,4.46E-25
Fam135a,1.47E-29,-0.698628402,0.025,0.871,4.55E-25
Zkscan3,1.74E-29,-0.749751429,0.049,0.94,5.40E-25
Vps13a,2.03E-29,-0.745896708,0.086,0.97,6.32E-25
Clock,2.11E-29,-0.56115439,0.037,0.91,6.57E-25
AC149090.1,3.22E-29,-0.576135309,0.037,0.905,1.00E-24
Stx16,5.03E-29,-0.698058466,0.062,0.955,1.56E-24
Ppp2r3c,6.20E-29,-0.483277662,0.037,0.891,1.93E-24
Zfp644,7.64E-29,-0.684425283,0.111,0.97,2.37E-24
Zfp148,8.23E-29,-0.419067172,0.049,0.925,2.56E-24
Prpf38b,8.73E-29,-0.498317862,0.062,0.955,2.71E-24
Plekha1,1.02E-28,-0.621606443,0.049,0.905,3.15E-24
Arid1a,1.19E-28,-0.512224805,0.074,0.935,3.70E-24
Angel2,1.48E-28,-0.334791216,0.062,0.935,4.60E-24
Hjurp,1.64E-28,-0.631121041,0.012,0.821,5.10E-24
Kmt2b,2.48E-28,-0.586932774,0.074,0.95,7.69E-24
Usp15,3.08E-28,-0.583805706,0.074,0.95,9.57E-24
3830406C13Rik,3.49E-28,-0.580779467,0.049,0.896,1.08E-23
Brd8,3.82E-28,-0.473419052,0.049,0.9,1.19E-23
Abl2,5.02E-28,-0.546078538,0.037,0.881,1.56E-23
Gm4779,5.81E-28,-0.677311714,0.074,0.93,1.81E-23
Ddx55,6.04E-28,-0.532366718,0.037,0.876,1.87E-23
Rfx7,6.44E-28,-0.530136277,0.062,0.92,2.00E-23
Nup88,8.16E-28,-0.495301501,0.062,0.915,2.53E-23
Apc,9.86E-28,-0.527680419,0.037,0.881,3.06E-23
Alms1,1.04E-27,-0.635213299,0.086,0.95,3.23E-23
Zmym5,1.56E-27,-0.619392677,0.086,0.93,4.84E-23
Pds5a,1.60E-27,-0.446766385,0.074,0.935,4.97E-23
Zfyve9,1.70E-27,-0.590205852,0.062,0.925,5.29E-23
Phf3,1.85E-27,-0.297627968,0.074,0.935,5.74E-23
C2cd5,1.96E-27,-0.575528555,0,0.791,6.10E-23
Sfswap,2.22E-27,-0.43112713,0.049,0.896,6.91E-23
Akap13,2.39E-27,-0.558831825,0.086,0.94,7.42E-23
Dopey1,2.70E-27,-0.714537084,0.111,0.955,8.39E-23
Phf14,2.72E-27,-0.689631894,0.111,0.975,8.44E-23
Tmem30a,2.87E-27,-0.499458103,0.074,0.92,8.90E-23
Gemin5,3.01E-27,-0.476470999,0.025,0.836,9.36E-23
Sgo2a,3.36E-27,-0.474427278,0.025,0.836,1.04E-22
Rabgap1,3.65E-27,-0.536336763,0.074,0.935,1.13E-22
Ggnbp2,3.74E-27,-0.656169128,0.099,0.945,1.16E-22
Pofut1,3.75E-27,-0.406087239,0.025,0.836,1.16E-22
Zmym6,4.15E-27,-0.62078569,0.074,0.915,1.29E-22
Dync2h1,4.59E-27,-0.522784832,0.086,0.95,1.42E-22
Ube3c,5.19E-27,-0.547642412,0.025,0.836,1.61E-22
Ccdc136,5.89E-27,-0.649886684,0.086,0.935,1.83E-22
Sel1l,6.16E-27,-0.471108678,0.074,0.905,1.91E-22
Mtif2,6.45E-27,-0.38146971,0.025,0.836,2.00E-22
Luc7l2,7.28E-27,-1.029050976,0.235,1,2.26E-22
Crbn,7.51E-27,-0.48408459,0.074,0.92,2.33E-22
Fam208a,7.75E-27,-0.59369625,0.123,0.985,2.41E-22
Pan3,8.10E-27,-0.434364071,0.049,0.891,2.52E-22
Strn3,8.35E-27,-0.573211225,0.049,0.876,2.59E-22
Cep350,9.68E-27,-0.516627411,0.012,0.806,3.01E-22
Cyb5r4,1.11E-26,-0.510152041,0.049,0.876,3.45E-22
Sec61a2,1.50E-26,-0.501331325,0.074,0.925,4.67E-22
Pnisr,1.59E-26,-0.834794552,0.099,0.99,4.95E-22
Zfp800,1.61E-26,-0.297350001,0.074,0.905,4.99E-22
Zfp612,1.62E-26,-0.600976784,0.037,0.836,5.03E-22
Gm26917,1.64E-26,-0.266550409,0.074,0.94,5.10E-22
Ccdc62,1.77E-26,-0.386607995,0.012,0.801,5.50E-22
Fcho2,2.28E-26,-0.275554002,0.074,0.915,7.07E-22
Xpr1,2.44E-26,-0.605837176,0.037,0.836,7.58E-22
Ppp6r3,2.59E-26,-0.290804961,0.025,0.826,8.03E-22
Ttc14,2.74E-26,-0.642131695,0.099,0.99,8.51E-22
Tmcc1,3.19E-26,-0.417889492,0.037,0.846,9.90E-22
Exosc10,3.41E-26,-0.479976125,0.025,0.821,1.06E-21
Pou2f1,3.83E-26,-0.376398271,0.037,0.851,1.19E-21
Sclt1,4.26E-26,-0.549968822,0.074,0.91,1.32E-21
Ccnh,4.30E-26,-0.49119555,0.099,0.935,1.33E-21
Gon4l,4.53E-26,-0.50821265,0.074,0.92,1.41E-21
Zcchc7,4.66E-26,-0.682890041,0.111,0.965,1.45E-21
Vps37a,5.05E-26,-0.458237659,0.074,0.925,1.57E-21
Esyt2,5.09E-26,-0.549228931,0.025,0.816,1.58E-21
Fam208b,5.21E-26,-0.650986274,0.148,0.975,1.62E-21
Rnf214,5.65E-26,-0.352965244,0.049,0.871,1.75E-21
Tle4,6.28E-26,-0.414194249,0.074,0.9,1.95E-21
Nsfl1c,6.92E-26,-0.499158276,0.062,0.891,2.15E-21
Agl,7.60E-26,-0.437335409,0.037,0.836,2.36E-21
Unc13b,8.06E-26,-0.688029444,0.049,0.851,2.50E-21
Dnajb4,1.03E-25,-0.505753931,0.086,0.94,3.21E-21
Qrich1,1.05E-25,-0.630359957,0.123,0.955,3.25E-21
Aak1,1.06E-25,-0.428815439,0.012,0.786,3.29E-21
Ralbp1,1.11E-25,-0.433479734,0.086,0.91,3.44E-21
Bag4,1.13E-25,-0.410866181,0.062,0.881,3.52E-21
Chd6,1.22E-25,-0.481219359,0.086,0.935,3.80E-21
Celf1,1.26E-25,-0.315743785,0.074,0.915,3.92E-21
Tanc2,1.32E-25,-0.367424663,0.086,0.945,4.10E-21
Trim24,1.35E-25,-0.498385957,0.049,0.846,4.19E-21
Gcc2,1.55E-25,-0.319952402,0.074,0.9,4.82E-21
Faim,1.73E-25,-0.473294181,0.037,0.826,5.38E-21
Mir17hg,1.84E-25,-0.513263112,0.012,0.781,5.73E-21
Fam126b,1.97E-25,-0.492710761,0.049,0.861,6.12E-21
Paxbp1,2.23E-25,-0.357892636,0.074,0.9,6.93E-21
Ift122,2.33E-25,-0.298070582,0.074,0.896,7.24E-21
Lnpk,2.38E-25,-0.425164902,0.099,0.95,7.39E-21
Atrn,2.38E-25,-0.543808928,0,0.751,7.40E-21
Palb2,2.38E-25,-0.417862818,0,0.751,7.40E-21
Fsd1l,2.55E-25,-0.336685839,0.086,0.905,7.93E-21
Xpo6,2.64E-25,-0.422899991,0.062,0.876,8.19E-21
Dennd1a,2.72E-25,-0.388412652,0.025,0.806,8.45E-21
Agbl3,3.11E-25,-0.403629047,0.099,0.925,9.65E-21
Hadha,3.25E-25,-0.401494238,0.086,0.92,1.01E-20
Casc4,3.25E-25,-0.349208794,0.037,0.826,1.01E-20
Ubap2,3.59E-25,-0.319324047,0.086,0.91,1.11E-20
Ltn1,3.66E-25,-0.333906429,0.062,0.876,1.14E-20
Ubr2,3.79E-25,-0.302461567,0.062,0.876,1.18E-20
Csnk1g1,3.92E-25,-0.40646323,0.037,0.831,1.22E-20
Clk1,3.94E-25,-0.376059535,0.074,0.9,1.22E-20
Med1,3.96E-25,-0.461721635,0.111,0.96,1.23E-20
Tbc1d5,4.17E-25,-0.370863907,0.025,0.796,1.30E-20
Irf3,4.19E-25,-0.45940503,0.037,0.816,1.30E-20
Rictor,4.22E-25,-0.412567124,0.074,0.9,1.31E-20
Magi3,4.27E-25,-0.488694418,0,0.746,1.32E-20
Nfat5,4.72E-25,-0.674245813,0.111,0.99,1.47E-20
Uhrf2,5.34E-25,-0.278325433,0.049,0.846,1.66E-20
Uspl1,5.92E-25,-0.517447458,0.025,0.796,1.84E-20
Cep63,6.45E-25,-0.667398416,0.086,0.905,2.00E-20
Ift20,7.68E-25,-0.307483664,0.062,0.876,2.39E-20
Tti1,7.76E-25,-0.424018752,0.049,0.836,2.41E-20
Tex14,8.49E-25,-0.405756786,0.086,0.935,2.64E-20
Sec31a,8.85E-25,-0.423712438,0.025,0.796,2.75E-20
Specc1l,9.09E-25,-0.281756704,0.099,0.93,2.82E-20
Gclc,9.41E-25,-0.497908715,0.049,0.826,2.92E-20
Ube4a,9.52E-25,-0.4263789,0.062,0.871,2.96E-20
Ralgapa2,9.57E-25,-0.53049079,0.049,0.831,2.97E-20
Chka,9.75E-25,-0.259847539,0.074,0.876,3.03E-20
Zfc3h1,9.78E-25,-0.340994055,0.099,0.92,3.04E-20
Zfp397,9.96E-25,-0.385409951,0.111,0.935,3.09E-20
Tigd2,1.17E-24,-0.496628811,0.037,0.816,3.63E-20
Nisch,1.19E-24,-0.35163006,0.062,0.871,3.69E-20
Cog4,1.22E-24,-0.474392648,0.074,0.891,3.79E-20
Zgrf1,1.52E-24,-0.442891676,0.025,0.791,4.72E-20
Gtf3c3,1.53E-24,-0.261000255,0.086,0.91,4.75E-20
Herc2,1.66E-24,-0.515327261,0.123,0.96,5.16E-20
Mllt10,1.78E-24,-0.505397609,0.16,0.955,5.54E-20
Smc2,1.86E-24,-0.429196039,0.136,0.97,5.78E-20
Mdn1,1.87E-24,-0.250135036,0.148,0.995,5.79E-20
Homer1,1.87E-24,-0.396644716,0.049,0.826,5.82E-20
Zranb1,1.88E-24,-0.65221785,0.148,0.965,5.83E-20
Aftph,1.94E-24,-0.543794748,0.111,0.92,6.02E-20
Rab3gap1,2.10E-24,-0.36453853,0.037,0.816,6.52E-20
Eml5,2.29E-24,-0.419277914,0.037,0.816,7.10E-20
Brd4,2.31E-24,-0.391832153,0.099,0.925,7.18E-20
Ylpm1,2.46E-24,-0.32591297,0.099,0.945,7.64E-20
Tmem131l,2.54E-24,-0.503677568,0.012,0.756,7.90E-20
Cnep1r1,2.55E-24,-0.44976999,0.025,0.786,7.93E-20
Dnajc1,2.61E-24,-0.562327631,0.111,0.935,8.09E-20
Fam228b,2.72E-24,-0.486608381,0.049,0.836,8.44E-20
Ttc4,2.86E-24,-0.373887731,0.086,0.91,8.88E-20
Slit2,2.89E-24,-0.473942713,0.062,0.856,8.97E-20
Pja2,2.92E-24,-0.467490548,0.099,0.93,9.05E-20
Tcfl5,2.93E-24,-0.372192811,0.025,0.781,9.09E-20
Ube2r2,2.94E-24,-0.48646104,0.086,0.881,9.14E-20
Ubr7,2.95E-24,-0.457073434,0.025,0.771,9.16E-20
Smarcc1,2.97E-24,-0.336013415,0.136,0.945,9.22E-20
Kdm6a,3.03E-24,-0.382815452,0.111,0.945,9.42E-20
Rad23b,3.13E-24,-0.491848945,0.049,0.826,9.73E-20
Synj1,3.49E-24,-0.409671556,0.086,0.891,1.08E-19
Ddx23,3.53E-24,-0.275445098,0.062,0.861,1.09E-19
Mysm1,3.85E-24,-0.484441236,0.136,0.975,1.20E-19
Numa1,4.02E-24,-0.418356284,0.049,0.836,1.25E-19
Zzef1,4.05E-24,-0.405938088,0.049,0.826,1.26E-19
Suco,4.29E-24,-0.493392838,0.136,0.96,1.33E-19
Tsc1,4.53E-24,-0.257477569,0.049,0.836,1.41E-19
Pdcd6ip,4.70E-24,-0.414659994,0.086,0.915,1.46E-19
Pdpk1,5.09E-24,-0.483774012,0.111,0.935,1.58E-19
Nup133,5.11E-24,-0.336415878,0.123,0.965,1.59E-19
Gigyf2,5.42E-24,-0.474142752,0.16,0.975,1.68E-19
Phf8,5.81E-24,-0.357805402,0.111,0.95,1.80E-19
Itch,5.84E-24,-0.368692996,0.099,0.92,1.81E-19
6030458C11Rik,6.02E-24,-0.336736505,0.012,0.751,1.87E-19
R3hdm1,6.04E-24,-0.540097434,0.136,0.965,1.88E-19
Gapvd1,6.11E-24,-0.571522242,0.111,0.95,1.90E-19
Tnrc6a,6.14E-24,-0.429490072,0.123,0.965,1.91E-19
Cecr2,6.43E-24,-0.398230976,0.099,0.925,2.00E-19
Pikfyve,6.53E-24,-0.329041388,0.111,0.93,2.03E-19
E130308A19Rik,6.86E-24,-0.494654479,0.037,0.796,2.13E-19
Purb,7.08E-24,-0.302271003,0.074,0.891,2.20E-19
Birc2,7.20E-24,-0.329946589,0.037,0.791,2.24E-19
Tex11,7.23E-24,-0.607074277,0.111,0.94,2.25E-19
Aaas,7.40E-24,-0.415147587,0,0.721,2.30E-19
Uhrf1bp1l,7.52E-24,-0.338419509,0.025,0.776,2.34E-19
Zfp512b,7.56E-24,-0.444661526,0.012,0.736,2.35E-19
Ift81,7.60E-24,-0.370322582,0.123,0.94,2.36E-19
Git2,7.69E-24,-0.357193351,0.086,0.91,2.39E-19
Htatsf1,7.81E-24,-0.571524432,0.148,0.94,2.43E-19
Safb2,8.43E-24,-0.555204423,0.099,0.905,2.62E-19
Rmi1,9.14E-24,-0.339003805,0.049,0.816,2.84E-19
Hdgfl3,9.19E-24,-0.396892214,0.086,0.9,2.85E-19
Virma,9.57E-24,-0.473928689,0.037,0.786,2.97E-19
Cpne3,9.83E-24,-0.293887471,0.062,0.841,3.05E-19
Chuk,9.94E-24,-0.311783997,0.074,0.871,3.09E-19
Zfp280d,1.01E-23,-0.381570151,0.099,0.905,3.15E-19
Cdc37l1,1.04E-23,-0.261608445,0.049,0.831,3.24E-19
Stk4,1.06E-23,-0.452237933,0.012,0.741,3.30E-19
Efcab14,1.07E-23,-0.367648813,0.099,0.905,3.31E-19
Shprh,1.24E-23,-0.365058071,0.062,0.846,3.86E-19
Smg1,1.29E-23,-0.557764257,0.148,0.97,4.01E-19
Chek1,1.35E-23,-0.262251042,0.049,0.826,4.19E-19
Zfp62,1.37E-23,-0.370764618,0.049,0.826,4.26E-19
Trip4,1.54E-23,-0.263868077,0.049,0.821,4.80E-19
Mau2,1.56E-23,-0.363361462,0.062,0.856,4.85E-19
Zfp398,1.60E-23,-0.364776956,0.062,0.846,4.96E-19
Nup188,1.63E-23,-0.278608216,0.062,0.841,5.05E-19
5730455P16Rik,1.63E-23,-0.27734337,0.037,0.791,5.06E-19
Ipo5,1.66E-23,-0.481626108,0.123,0.915,5.15E-19
7-Mar,1.69E-23,-0.42059619,0.086,0.886,5.23E-19
Bbx,1.70E-23,-0.676485537,0.185,0.995,5.29E-19
Ahcyl2,1.77E-23,-0.435865522,0.049,0.816,5.49E-19
Polb,1.83E-23,-0.256137665,0.049,0.826,5.67E-19
Lman2l,1.92E-23,-0.433670921,0.062,0.851,5.95E-19
Pura,1.92E-23,-0.429481462,0.123,0.93,5.97E-19
Gpcpd1,1.96E-23,-0.350548515,0.049,0.821,6.07E-19
Smad4,2.01E-23,-0.398911414,0.074,0.856,6.24E-19
Dido1,2.11E-23,-0.397237075,0.062,0.821,6.54E-19
Sec22a,2.11E-23,-0.314888838,0.037,0.796,6.54E-19
Pum2,2.18E-23,-0.293605585,0.099,0.93,6.78E-19
Tex16,2.19E-23,-0.486611763,0.136,0.955,6.79E-19
Clcn3,2.22E-23,-0.336100754,0.123,0.96,6.90E-19
Ssh2,2.28E-23,-0.522181467,0.025,0.746,7.09E-19
Atp11b,2.29E-23,-0.310109628,0.111,0.92,7.10E-19
Zhx1,2.30E-23,-0.497482776,0.148,0.965,7.14E-19
Ash1l,2.30E-23,-0.401887972,0.148,0.96,7.14E-19
Pnpla8,2.50E-23,-0.379334196,0.025,0.766,7.78E-19
Upf3b,2.59E-23,-0.358773911,0.086,0.886,8.06E-19
Atp11c,2.62E-23,-0.341770617,0.074,0.856,8.15E-19
Cfap97,2.65E-23,-0.398904693,0.099,0.915,8.22E-19
Qser1,2.69E-23,-0.366326434,0.123,0.935,8.36E-19
Zfp638,2.71E-23,-0.553210708,0.136,0.955,8.41E-19
Usp32,2.71E-23,-0.605081529,0.136,0.965,8.42E-19
Vps53,2.73E-23,-0.3956346,0.086,0.886,8.47E-19
Kif20b,2.74E-23,-0.379593717,0.123,0.95,8.50E-19
Neto2,2.97E-23,-0.394283739,0.049,0.811,9.22E-19
Kdm5c,3.05E-23,-0.418190686,0.012,0.736,9.47E-19
Myo5a,3.12E-23,-0.423747407,0.099,0.915,9.69E-19
Prmt3,3.21E-23,-0.290388729,0.012,0.736,9.97E-19
Rsf1,3.40E-23,-0.279520016,0.074,0.876,1.05E-18
Smarce1,3.42E-23,-0.277578298,0.099,0.891,1.06E-18
Tug1,3.51E-23,-0.354255621,0.037,0.771,1.09E-18
Fam193b,3.54E-23,-0.436711729,0.037,0.791,1.10E-18
Ercc6l2,3.66E-23,-0.436001653,0.123,0.945,1.14E-18
Brwd1,3.91E-23,-0.391354604,0.123,0.945,1.21E-18
Pigk,4.03E-23,-0.41774175,0.086,0.896,1.25E-18
Erlec1,4.14E-23,-0.566896384,0.136,0.94,1.28E-18
Efr3a,4.20E-23,-0.473277721,0.062,0.826,1.30E-18
Otud4,4.22E-23,-0.316193906,0.111,0.925,1.31E-18
Vps13b,4.31E-23,-0.361964873,0.086,0.871,1.34E-18
Taok1,4.32E-23,-0.432642044,0.16,0.98,1.34E-18
Spen,4.60E-23,-0.405107632,0.074,0.851,1.43E-18
Ankrd26,4.62E-23,-0.554939126,0.111,0.881,1.43E-18
Ulk2,4.63E-23,-0.251021419,0.099,0.9,1.44E-18
Zkscan2,4.64E-23,-0.274746955,0.062,0.846,1.44E-18
Sf3a1,4.72E-23,-0.316752596,0.062,0.826,1.46E-18
Ccnt2,4.72E-23,-0.261518488,0.062,0.846,1.47E-18
Mat2a,4.77E-23,-0.658119786,0.173,0.98,1.48E-18
Ccnl1,4.78E-23,-0.444706136,0.012,0.731,1.48E-18
Zfp711,4.83E-23,-0.417626905,0.062,0.816,1.50E-18
Ubr5,4.91E-23,-0.512593901,0.099,0.891,1.53E-18
Ppp4r3a,5.14E-23,-0.285234736,0.111,0.94,1.60E-18
Tardbp,5.26E-23,-0.555514356,0.123,0.95,1.63E-18
Rasal2,5.31E-23,-0.292998617,0.111,0.935,1.65E-18
Mia3,5.39E-23,-0.440209217,0.111,0.925,1.67E-18
Pdik1l,5.42E-23,-0.440713831,0.049,0.811,1.68E-18
Krit1,5.50E-23,-0.373899857,0.136,0.97,1.71E-18
Gle1,5.57E-23,-0.356613292,0.012,0.731,1.73E-18
Mast2,5.57E-23,-0.349969333,0.012,0.731,1.73E-18
Klhl12,5.57E-23,-0.274600465,0.012,0.731,1.73E-18
Hook3,5.81E-23,-0.265760613,0.074,0.861,1.80E-18
Grk4,5.95E-23,-0.527133595,0.086,0.861,1.85E-18
Mff,6.26E-23,-0.373895149,0.136,0.95,1.94E-18
Smg7,6.42E-23,-0.43431639,0.086,0.876,1.99E-18
Fbxo30,6.51E-23,-0.401088016,0.012,0.726,2.02E-18
Rbbp8,6.54E-23,-0.331476321,0.136,0.965,2.03E-18
Cspp1,6.65E-23,-0.472655495,0.148,0.955,2.06E-18
AI314180,6.91E-23,-0.599836514,0.16,0.98,2.15E-18
Fnip1,7.15E-23,-0.328949283,0.136,0.96,2.22E-18
Dtnb,7.31E-23,-0.475788542,0.086,0.871,2.27E-18
Lin9,7.41E-23,-0.374919835,0.074,0.846,2.30E-18
Glud1,7.47E-23,-0.2619234,0.049,0.796,2.32E-18
Nipa2,7.82E-23,-0.298480894,0.099,0.9,2.43E-18
Psme4,8.06E-23,-0.327425813,0.086,0.871,2.50E-18
Kdm2a,8.07E-23,-0.451506788,0.136,0.98,2.51E-18
Tmem209,8.15E-23,-0.457270725,0.037,0.771,2.53E-18
Hectd4,8.21E-23,-0.411962566,0.037,0.776,2.55E-18
Zfp217,8.26E-23,-0.329025502,0.049,0.796,2.56E-18
Tmem245,8.31E-23,-0.279629056,0.062,0.836,2.58E-18
Celf2,8.75E-23,-0.474981421,0.136,0.94,2.72E-18
Nr2c2,9.04E-23,-0.341231322,0.086,0.871,2.81E-18
Dennd5b,9.62E-23,-0.40720462,0.012,0.726,2.99E-18
Rb1,9.62E-23,-0.2980664,0.012,0.726,2.99E-18
Socs6,9.69E-23,-0.389086981,0.062,0.816,3.01E-18
Rbbp6,9.71E-23,-0.297915961,0.136,0.97,3.01E-18
Sypl,9.97E-23,-0.374806104,0.099,0.896,3.10E-18
2410089E03Rik,1.00E-22,-0.593654738,0.16,0.985,3.12E-18
Nsun6,1.01E-22,-0.308557616,0.037,0.781,3.14E-18
Ralgapa1,1.02E-22,-0.347420833,0.049,0.806,3.16E-18
Mapk6,1.04E-22,-0.37395502,0.037,0.766,3.22E-18
Baz2a,1.06E-22,-0.42464259,0.136,0.955,3.30E-18
Polr3c,1.08E-22,-0.363163571,0.037,0.781,3.35E-18
Ktn1,1.10E-22,-0.792090748,0.185,0.96,3.41E-18
Uimc1,1.23E-22,-0.332835733,0.136,0.94,3.82E-18
Srsf11,1.28E-22,-0.62558285,0.185,0.975,3.97E-18
Dhfr,1.36E-22,-0.278848543,0.049,0.786,4.22E-18
Twnk,1.39E-22,-0.374987929,0.049,0.806,4.33E-18
Usp47,1.43E-22,-0.493111064,0.173,0.99,4.44E-18
Nol12,1.43E-22,-0.333123943,0.074,0.851,4.45E-18
Dph3,1.59E-22,-0.302616437,0.099,0.886,4.92E-18
Zbtb44,1.59E-22,-0.38001615,0.099,0.876,4.94E-18
Nkrf,1.66E-22,-0.270173309,0.012,0.721,5.15E-18
Hnrnpr,1.66E-22,-0.635533332,0.173,0.975,5.17E-18
Bfar,1.71E-22,-0.350722297,0.062,0.831,5.32E-18
Mkln1,1.73E-22,-0.476792562,0.136,0.95,5.39E-18
Rspry1,1.76E-22,-0.42214701,0.099,0.9,5.48E-18
Tor1aip1,1.78E-22,-0.301815406,0.086,0.861,5.53E-18
Rnf111,1.84E-22,-0.269449572,0.049,0.801,5.71E-18
Atpaf1,1.84E-22,-0.259904041,0.086,0.861,5.72E-18
Rab10,1.91E-22,-0.37496735,0.136,0.92,5.94E-18
Sugp2,1.92E-22,-0.312151098,0.074,0.851,5.97E-18
Setd2,1.93E-22,-0.372675306,0.049,0.801,6.00E-18
Zfp541,2.07E-22,-0.267223187,0.123,0.94,6.41E-18
Uba5,2.25E-22,-0.326652184,0.062,0.806,6.99E-18
Ipo7,2.27E-22,-0.361168744,0.049,0.786,7.06E-18
Ap3b1,2.31E-22,-0.417279546,0.099,0.866,7.17E-18
Wnk3,2.46E-22,-0.325057376,0.049,0.796,7.65E-18
Ccdc191,2.49E-22,-0.341437428,0.111,0.91,7.73E-18
Lancl1,2.51E-22,-0.261967967,0.074,0.836,7.80E-18
Spata1,2.60E-22,-0.299233945,0.074,0.836,8.06E-18
Pdhb,2.61E-22,-0.35550283,0.062,0.821,8.11E-18
Usp40,2.64E-22,-0.299532983,0.086,0.866,8.21E-18
Focad,2.67E-22,-0.250848924,0.099,0.876,8.31E-18
Crebrf,2.70E-22,-0.418229772,0.123,0.935,8.38E-18
Nufip2,2.72E-22,-0.372950048,0.16,0.96,8.43E-18
Fchsd2,2.90E-22,-0.375059569,0.099,0.891,9.00E-18
Uso1,2.91E-22,-0.397893995,0.037,0.766,9.04E-18
Atf7ip2,2.99E-22,-0.383402465,0.136,0.935,9.28E-18
Usp48,3.01E-22,-0.339633659,0.037,0.766,9.34E-18
Tmem57,3.03E-22,-0.429882621,0.173,0.98,9.42E-18
Maoa,3.08E-22,-0.39410036,0.111,0.9,9.56E-18
Ppp1r12b,3.13E-22,-0.288462984,0.049,0.791,9.73E-18
Ppip5k2,3.20E-22,-0.326638346,0.062,0.811,9.94E-18
Arid2,3.27E-22,-0.30063884,0.123,0.935,1.02E-17
Sugp1,3.34E-22,-0.28388344,0.062,0.821,1.04E-17
Actl6a,3.72E-22,-0.278908999,0.099,0.881,1.15E-17
Atad5,3.77E-22,-0.31129866,0.049,0.776,1.17E-17
Stk11,3.88E-22,-0.321324608,0.049,0.791,1.20E-17
Btaf1,3.90E-22,-0.398910282,0.148,0.95,1.21E-17
Clptm1,3.96E-22,-0.326106606,0.025,0.741,1.23E-17
Cdkl3,3.96E-22,-0.271843329,0.037,0.756,1.23E-17
Blzf1,4.02E-22,-0.383204511,0.025,0.741,1.25E-17
Lcorl,4.02E-22,-0.355532856,0.025,0.741,1.25E-17
Ppwd1,4.16E-22,-0.275826913,0.111,0.91,1.29E-17
Gm49336,4.35E-22,-0.275688374,0.049,0.791,1.35E-17
Rbm44,4.61E-22,-0.345874818,0.049,0.786,1.43E-17
Pyroxd1,4.69E-22,-0.381445069,0.025,0.736,1.46E-17
Mapk8,4.70E-22,-0.255271201,0.037,0.766,1.46E-17
Wdr26,4.76E-22,-0.291235705,0.099,0.886,1.48E-17
Rnf20,4.93E-22,-0.364117555,0.136,0.925,1.53E-17
Rcn2,4.94E-22,-0.317509885,0.111,0.905,1.53E-17
Mapk8ip3,5.14E-22,-0.272838236,0.037,0.761,1.60E-17
Eml4,5.17E-22,-0.294361346,0.123,0.93,1.60E-17
Ints6,5.25E-22,-0.657300611,0.284,0.995,1.63E-17
Eif4g1,5.34E-22,-0.382143381,0.136,0.925,1.66E-17
Mre11a,5.38E-22,-0.438824047,0.049,0.791,1.67E-17
U2af2,5.50E-22,-0.339633459,0.074,0.841,1.71E-17
Ttll5,5.73E-22,-0.269356662,0.037,0.766,1.78E-17
Ankfy1,5.73E-22,-0.281907684,0.037,0.766,1.78E-17
Phc3,5.85E-22,-0.524620579,0,0.682,1.82E-17
Zfp292,6.16E-22,-0.318926872,0.123,0.93,1.91E-17
H2afx,6.29E-22,-0.262219751,0.099,0.9,1.95E-17
Maea,6.31E-22,-0.346849256,0.037,0.751,1.96E-17
Vps4b,6.39E-22,-0.355558524,0.086,0.846,1.98E-17
Wdr47,6.55E-22,-0.358330491,0.025,0.731,2.03E-17
Mki67,6.59E-22,-0.478040238,0.123,0.955,2.05E-17
Phf20l1,6.73E-22,-0.430266939,0.148,0.975,2.09E-17
Tsga10,7.12E-22,-0.342099658,0.136,0.945,2.21E-17
Zwilch,7.43E-22,-0.263509779,0.086,0.871,2.31E-17
Mcm3ap,7.56E-22,-0.448135059,0.037,0.751,2.35E-17
Cpeb1,7.57E-22,-0.355681515,0.123,0.93,2.35E-17
Ccni,7.59E-22,-0.320755958,0.136,0.945,2.36E-17
Cep44,7.60E-22,-0.377217842,0.025,0.731,2.36E-17
Tnrc6b,7.60E-22,-0.490979222,0.074,0.826,2.36E-17
Scmh1,7.96E-22,-0.256624228,0.049,0.791,2.47E-17
Prkd3,7.99E-22,-0.339826576,0.111,0.896,2.48E-17
Stk38,7.99E-22,-0.380881233,0.099,0.866,2.48E-17
Chd8,8.22E-22,-0.318577934,0.16,0.975,2.55E-17
Mpp5,8.41E-22,-0.446524617,0.086,0.861,2.61E-17
Eif2a,8.41E-22,-0.377597172,0.037,0.761,2.61E-17
Fam160a2,8.55E-22,-0.363052937,0.037,0.761,2.66E-17
BC051142,8.95E-22,-0.487099642,0.086,0.846,2.78E-17
Brdt,9.13E-22,-0.284755565,0.037,0.761,2.84E-17
Bdp1,9.15E-22,-0.276908322,0.086,0.871,2.84E-17
Raph1,9.50E-22,-0.355403234,0.099,0.891,2.95E-17
Glg1,9.76E-22,-0.512580749,0.16,0.97,3.03E-17
Setd5,9.79E-22,-0.33505201,0.148,0.945,3.04E-17
4833420G17Rik,9.89E-22,-0.285060867,0.025,0.721,3.07E-17
Zdhhc6,9.90E-22,-0.26129057,0.111,0.9,3.07E-17
Nipal2,1.00E-21,-0.489662537,0.037,0.746,3.11E-17
Otud5,1.01E-21,-0.348098002,0.123,0.92,3.13E-17
Sav1,1.02E-21,-0.27469596,0.025,0.726,3.18E-17
Rrbp1,1.03E-21,-0.847641092,0.235,0.985,3.20E-17
Errfi1,1.05E-21,-0.261326233,0.074,0.826,3.26E-17
Msh4,1.11E-21,-0.351019572,0.025,0.721,3.45E-17
Morc3,1.13E-21,-0.450270598,0.062,0.806,3.51E-17
Rsl1d1,1.19E-21,-0.337219026,0.136,0.94,3.69E-17
Trappc11,1.19E-21,-0.322626773,0.074,0.816,3.70E-17
Golga5,1.21E-21,-0.398384214,0.049,0.771,3.76E-17
Rc3h1,1.25E-21,-0.308711968,0.049,0.771,3.89E-17
Per3,1.28E-21,-0.394502668,0.049,0.766,3.96E-17
Ssbp1,1.31E-21,-0.417515104,0.16,0.965,4.07E-17
Tmem248,1.33E-21,-0.296848773,0.086,0.856,4.14E-17
Agps,1.35E-21,-0.308472967,0.049,0.776,4.19E-17
Kdm7a,1.40E-21,-0.366933201,0.012,0.701,4.36E-17
Mtf2,1.47E-21,-0.355646866,0.136,0.93,4.56E-17
Timm9,1.48E-21,-0.275476684,0.037,0.756,4.58E-17
Mbtps1,1.49E-21,-0.313281868,0.062,0.806,4.61E-17
Gbf1,1.54E-21,-0.281318029,0.099,0.881,4.79E-17
Auts2,1.58E-21,-0.523036929,0.136,0.95,4.92E-17
Topaz1,1.61E-21,-0.522045317,0.123,0.886,4.99E-17
Poln,1.63E-21,-0.293485449,0.099,0.871,5.05E-17
Ubl3,1.67E-21,-0.362909378,0.074,0.826,5.19E-17
Pou4f1,1.68E-21,-0.280049482,0.025,0.726,5.21E-17
Larp4b,1.69E-21,-0.34815584,0.136,0.935,5.24E-17
Phtf1,1.77E-21,-0.321281272,0.136,0.93,5.51E-17
Xiap,1.79E-21,-0.327896485,0.074,0.811,5.56E-17
Sap30l,1.84E-21,-0.467863067,0.136,0.955,5.71E-17
Ago3,1.98E-21,-0.400104353,0.049,0.766,6.14E-17
Pias4,1.99E-21,-0.272277545,0.062,0.806,6.16E-17
Pi4ka,2.05E-21,-0.294607183,0.136,0.915,6.37E-17
Serinc3,2.10E-21,-0.348945915,0.136,0.9,6.54E-17
Tsr2,2.17E-21,-0.411205384,0.062,0.786,6.75E-17
Sympk,2.25E-21,-0.317533176,0.136,0.92,7.00E-17
Nfe2l1,2.27E-21,-0.404087367,0.086,0.831,7.05E-17
Pdlim5,2.27E-21,-0.454462499,0.025,0.711,7.06E-17
Abcd1,2.37E-21,-0.328436666,0.012,0.697,7.37E-17
Ammecr1l,2.48E-21,-0.346071291,0.074,0.821,7.69E-17
Noc3l,2.50E-21,-0.343363894,0.049,0.776,7.76E-17
Ybx2,2.50E-21,-0.405083202,0.037,0.736,7.77E-17
Cit,2.73E-21,-0.450135124,0.025,0.711,8.46E-17
Sfpq,2.76E-21,-0.320031987,0.148,0.96,8.56E-17
Exoc4,2.83E-21,-0.311162696,0.049,0.756,8.79E-17
Blm,2.99E-21,-0.404153487,0.099,0.866,9.29E-17
Ogt,3.03E-21,-0.303836853,0.062,0.791,9.42E-17
Iars2,3.44E-21,-0.398009849,0.111,0.881,1.07E-16
H2afj,3.65E-21,-0.446525587,0.111,0.91,1.13E-16
Exosc7,3.67E-21,-0.439902512,0.086,0.826,1.14E-16
Aspm,3.81E-21,-0.483721589,0.012,0.692,1.18E-16
Cabin1,3.86E-21,-0.252654803,0.049,0.776,1.20E-16
Serinc1,3.88E-21,-0.320529718,0.037,0.746,1.20E-16
N4bp2,4.03E-21,-0.460765576,0.049,0.766,1.25E-16
Ncapg,4.03E-21,-0.4370455,0.198,0.99,1.25E-16
Cisd2,4.22E-21,-0.36781903,0.062,0.796,1.31E-16
Psmd11,4.26E-21,-0.469462082,0.123,0.896,1.32E-16
Rexo1,4.32E-21,-0.335882504,0.074,0.821,1.34E-16
Dock7,4.33E-21,-0.298954371,0.086,0.836,1.34E-16
Kif13b,4.50E-21,-0.374447497,0.037,0.741,1.40E-16
Azi2,4.57E-21,-0.34893843,0.037,0.741,1.42E-16
Synj2bp,4.59E-21,-0.399531465,0.111,0.876,1.42E-16
Pik3c2a,4.62E-21,-0.484888856,0.173,0.945,1.43E-16
Vps8,4.62E-21,-0.273980251,0.025,0.716,1.43E-16
Zcchc6,4.73E-21,-0.29822586,0.086,0.826,1.47E-16
Mon2,4.74E-21,-0.346444252,0.123,0.9,1.47E-16
Ice2,5.04E-21,-0.262411998,0.086,0.826,1.57E-16
Heatr5a,5.16E-21,-0.417110666,0.025,0.711,1.60E-16
Vps50,5.26E-21,-0.265781726,0.025,0.716,1.63E-16
Prpf4,5.28E-21,-0.284572102,0.037,0.741,1.64E-16
Ankrd12,5.40E-21,-0.488646633,0.148,0.975,1.68E-16
Zfp512,5.44E-21,-0.274558282,0.025,0.716,1.69E-16
A830010M20Rik,5.54E-21,-0.342915468,0.037,0.731,1.72E-16
Cwf19l2,5.79E-21,-0.307613506,0.074,0.801,1.80E-16
Usp4,5.99E-21,-0.36262515,0.062,0.796,1.86E-16
Dync1li1,6.31E-21,-0.376390323,0.074,0.811,1.96E-16
Tmem41b,6.53E-21,-0.296161526,0.086,0.836,2.03E-16
Ccdc171,6.72E-21,-0.376325717,0.012,0.687,2.09E-16
Zfp322a,6.89E-21,-0.448557788,0.123,0.9,2.14E-16
Tgs1,7.20E-21,-0.268545079,0.049,0.761,2.23E-16
Tlk1,7.28E-21,-0.425503405,0.136,0.915,2.26E-16
Rnf19a,7.31E-21,-0.285905089,0.049,0.761,2.27E-16
Kctd3,7.47E-21,-0.362236967,0.099,0.851,2.32E-16
Fyco1,7.60E-21,-0.328498266,0.062,0.781,2.36E-16
Mettl1,7.84E-21,-0.437000868,0.037,0.721,2.43E-16
Zfp609,8.00E-21,-0.413385704,0,0.657,2.48E-16
BC005537,8.02E-21,-0.284488505,0.173,0.97,2.49E-16
Brd2,8.54E-21,-0.722963373,0.247,0.99,2.65E-16
Etnk1,8.56E-21,-0.747826947,0.198,0.985,2.66E-16
Spag9,8.57E-21,-0.275476571,0.148,0.935,2.66E-16
Chd1l,1.02E-20,-0.39806303,0.012,0.682,3.16E-16
Rock2,1.06E-20,-0.51378641,0.185,0.97,3.29E-16
Mtch2,1.07E-20,-0.395612234,0.123,0.91,3.32E-16
Psmc3ip,1.09E-20,-0.313345534,0.111,0.861,3.39E-16
Lonp2,1.09E-20,-0.466490743,0.123,0.905,3.39E-16
Spcs3,1.18E-20,-0.311185914,0.049,0.751,3.67E-16
Birc6,1.19E-20,-0.438333051,0.198,0.99,3.68E-16
Desi2,1.22E-20,-0.429700085,0.062,0.781,3.80E-16
Rpgrip1l,1.26E-20,-0.276929787,0.086,0.821,3.91E-16
Gnaq,1.34E-20,-0.33771885,0.049,0.741,4.15E-16
Rnf13,1.49E-20,-0.375735372,0.012,0.677,4.63E-16
Ash2l,1.51E-20,-0.267861335,0.086,0.841,4.69E-16
Caap1,1.53E-20,-0.299940071,0.037,0.731,4.74E-16
Gin1,1.64E-20,-0.259201274,0.037,0.721,5.10E-16
Kidins220,1.65E-20,-0.405123726,0.049,0.741,5.11E-16
Hsph1,1.79E-20,-0.371332346,0.111,0.871,5.54E-16
Tm2d2,1.79E-20,-0.346402363,0.012,0.677,5.54E-16
Mrps7,1.80E-20,-0.355771084,0.136,0.93,5.58E-16
Lekr1,1.81E-20,-0.353039832,0.025,0.701,5.62E-16
Rab3gap2,1.91E-20,-0.254657207,0.086,0.826,5.95E-16
Rbm46,1.95E-20,-0.329433919,0.136,0.925,6.05E-16
Snx12,2.06E-20,-0.351794897,0.049,0.756,6.40E-16
Cox10,2.07E-20,-0.271863456,0.037,0.731,6.42E-16
Sertad2,2.13E-20,-0.295294894,0.037,0.726,6.62E-16
Wdr35,2.17E-20,-0.265579535,0.037,0.731,6.74E-16
Cdca2,2.22E-20,-0.34305101,0,0.647,6.90E-16
Rnf7,2.24E-20,-0.275568462,0.173,0.955,6.96E-16
Wdr60,2.27E-20,-0.347428667,0.049,0.746,7.04E-16
Nrip3,2.35E-20,-0.468202052,0.037,0.726,7.28E-16
Bclaf1,2.35E-20,-0.576313328,0.21,1,7.31E-16
Abhd18,2.36E-20,-0.37161814,0.025,0.697,7.33E-16
Bclaf3,2.36E-20,-0.350774773,0.173,0.975,7.33E-16
Gabpb2,2.43E-20,-0.300309263,0.111,0.886,7.54E-16
Ncoa2,2.48E-20,-0.411678541,0.012,0.672,7.71E-16
Hook1,2.54E-20,-0.257647039,0.198,0.975,7.90E-16
Kmt2a,2.55E-20,-0.415813018,0.16,0.96,7.92E-16
Tra2a,2.57E-20,-0.703963166,0.185,0.975,7.97E-16
Foxo1,2.62E-20,-0.309758509,0.037,0.726,8.14E-16
Fam92a,2.66E-20,-0.370074247,0.062,0.766,8.26E-16
Axin1,2.77E-20,-0.406515063,0.037,0.716,8.61E-16
Senp3,2.78E-20,-0.340840201,0.012,0.672,8.64E-16
Ammecr1,2.82E-20,-0.413728089,0.025,0.697,8.75E-16
Ofd1,2.83E-20,-0.551038637,0.222,0.985,8.80E-16
Rbm25,2.85E-20,-0.813869641,0.259,0.995,8.84E-16
Fem1c,2.88E-20,-0.287062265,0.025,0.692,8.96E-16
Prkrip1,2.96E-20,-0.292657356,0.111,0.876,9.18E-16
Pkd1,3.12E-20,-0.297251853,0.012,0.672,9.67E-16
Sppl3,3.23E-20,-0.331261849,0.037,0.726,1.00E-15
Nub1,3.44E-20,-0.362873463,0.074,0.786,1.07E-15
Ttk,3.53E-20,-0.319218352,0.049,0.751,1.10E-15
Wdr44,3.60E-20,-0.335225587,0.099,0.846,1.12E-15
Baz1a,3.62E-20,-0.400961275,0.16,0.935,1.13E-15
Trappc8,3.70E-20,-0.337258465,0.173,0.955,1.15E-15
Nr6a1,3.83E-20,-0.293576681,0.086,0.831,1.19E-15
Lrba,4.33E-20,-0.28730289,0.074,0.796,1.35E-15
Metap1,4.35E-20,-0.271459629,0.025,0.697,1.35E-15
Pibf1,4.88E-20,-0.265021037,0.037,0.711,1.52E-15
Mrpl24,4.96E-20,-0.368892604,0.136,0.905,1.54E-15
2810402E24Rik,5.16E-20,-0.36782351,0.012,0.667,1.60E-15
Cep192,5.40E-20,-0.262060625,0.099,0.856,1.68E-15
Casp8ap2,5.63E-20,-0.419452285,0.185,0.96,1.75E-15
Phkb,6.09E-20,-0.37048555,0,0.637,1.89E-15
Cnot10,6.33E-20,-0.379323695,0.123,0.896,1.97E-15
6-Mar,6.37E-20,-0.251090599,0.086,0.811,1.98E-15
4931406P16Rik,6.50E-20,-0.336614016,0.136,0.896,2.02E-15
Zfp704,6.51E-20,-0.287265559,0.049,0.741,2.02E-15
Taf15,6.66E-20,-0.459997791,0.198,0.96,2.07E-15
Dnajc13,6.73E-20,-0.326334979,0.16,0.925,2.09E-15
Dis3,6.83E-20,-0.25675613,0.049,0.746,2.12E-15
Slc25a28,7.18E-20,-0.26220874,0.025,0.692,2.23E-15
Pcif1,7.26E-20,-0.265448028,0.025,0.682,2.25E-15
Rbm4b,7.35E-20,-0.2742295,0.062,0.766,2.28E-15
Mtr,7.38E-20,-0.26262261,0.049,0.741,2.29E-15
Atp1b3,7.52E-20,-0.349025193,0.123,0.886,2.33E-15
Wrnip1,7.58E-20,-0.350892498,0.025,0.687,2.36E-15
Slmap,7.70E-20,-0.298355477,0.099,0.821,2.39E-15
Ppp1r12a,8.22E-20,-0.256593942,0.148,0.915,2.55E-15
Rnf149,8.38E-20,-0.3390626,0.16,0.93,2.60E-15
Sp3,8.52E-20,-0.339036764,0.012,0.662,2.64E-15
Dgcr2,8.52E-20,-0.250063652,0.012,0.662,2.64E-15
Baiap2,8.63E-20,-0.352298771,0.037,0.711,2.68E-15
Psd,8.68E-20,-0.297755661,0.037,0.716,2.70E-15
Elmod2,8.85E-20,-0.276705506,0.037,0.706,2.75E-15
Map2k2,8.97E-20,-0.379355169,0.123,0.896,2.78E-15
Mut,9.21E-20,-0.35784999,0.012,0.652,2.86E-15
Eif4g3,9.58E-20,-0.380046545,0.062,0.766,2.97E-15
Smyd4,1.14E-19,-0.258416885,0.062,0.761,3.53E-15
4930432K21Rik,1.14E-19,-0.345381051,0.025,0.677,3.53E-15
AW549877,1.17E-19,-0.292935807,0.025,0.687,3.62E-15
Nfrkb,1.18E-19,-0.303450732,0.037,0.711,3.67E-15
Nup93,1.20E-19,-0.255514733,0.074,0.791,3.74E-15
Rbm5,1.21E-19,-0.288736631,0.16,0.98,3.76E-15
Nktr,1.34E-19,-0.773735701,0.272,0.99,4.17E-15
Tcf12,1.36E-19,-0.436588581,0.173,0.975,4.21E-15
Taz,1.37E-19,-0.414295428,0.025,0.682,4.26E-15
Las1l,1.40E-19,-0.459403383,0.21,0.99,4.36E-15
Prkar2b,1.45E-19,-0.317158283,0.062,0.756,4.51E-15
Sacs,1.50E-19,-0.551605951,0.074,0.776,4.64E-15
Atp6v1h,1.69E-19,-0.325866231,0.173,0.955,5.24E-15
Etf1,1.78E-19,-0.273161593,0.123,0.876,5.53E-15
Nbeal1,1.81E-19,-0.287377416,0.16,0.965,5.62E-15
Ankrd42,1.99E-19,-0.364958108,0.025,0.667,6.17E-15
Zbtb37,2.01E-19,-0.294597766,0.062,0.761,6.24E-15
Pde7a,2.18E-19,-0.326206905,0.025,0.677,6.77E-15
Hccs,2.22E-19,-0.394017859,0.148,0.905,6.90E-15
Gspt1,2.24E-19,-0.258792631,0.16,0.95,6.96E-15
Tbc1d12,2.30E-19,-0.360798521,0.012,0.652,7.13E-15
Ssbp2,2.30E-19,-0.295633284,0.074,0.781,7.14E-15
Zfp664,2.34E-19,-0.262943813,0.16,0.935,7.26E-15
Dcaf10,2.44E-19,-0.383178449,0.012,0.647,7.58E-15
Eefsec,2.45E-19,-0.338501903,0.037,0.697,7.61E-15
Cramp1l,2.49E-19,-0.252707405,0.086,0.801,7.73E-15
Ankrd31,2.53E-19,-0.529713097,0.235,0.995,7.85E-15
4931406C07Rik,2.59E-19,-0.28618823,0.037,0.701,8.05E-15
Tgoln1,2.60E-19,-0.34749429,0.086,0.791,8.07E-15
Nras,2.69E-19,-0.35266925,0,0.622,8.35E-15
Med12,2.70E-19,-0.252147085,0.037,0.692,8.39E-15
Pank3,2.72E-19,-0.273628791,0.111,0.871,8.46E-15
Nrf1,2.76E-19,-0.354712067,0.025,0.677,8.58E-15
Tmem259,2.76E-19,-0.351691444,0.025,0.677,8.58E-15
Dnajc10,2.79E-19,-0.305538999,0.136,0.891,8.66E-15
Anln,2.93E-19,-0.265149236,0.049,0.731,9.11E-15
Pclo,2.94E-19,-0.482501744,0.025,0.677,9.13E-15
Fam122a,3.08E-19,-0.318958131,0.025,0.677,9.57E-15
Setx,3.11E-19,-0.424535934,0.247,0.99,9.65E-15
Ptpn4,3.19E-19,-0.28628036,0.062,0.756,9.89E-15
Slc38a9,3.23E-19,-0.400740469,0.037,0.701,1.00E-14
Syap1,3.39E-19,-0.275399248,0.148,0.94,1.05E-14
Rpgr,3.41E-19,-0.293731977,0.185,0.945,1.06E-14
Med7,3.49E-19,-0.254802277,0.148,0.93,1.08E-14
Ptbp3,3.60E-19,-0.368681531,0.012,0.637,1.12E-14
Ppp3cb,3.69E-19,-0.260746313,0.148,0.925,1.15E-14
Ap1s2,3.70E-19,-0.284461109,0.049,0.731,1.15E-14
Setdb1,3.72E-19,-0.413233316,0.198,0.955,1.15E-14
Nbr1,3.75E-19,-0.257999889,0.086,0.796,1.16E-14
Plp1,3.75E-19,-0.273439804,0.012,0.647,1.17E-14
Abcf3,3.93E-19,-0.315475806,0.037,0.692,1.22E-14
Wtip,4.33E-19,-0.25246122,0.037,0.701,1.35E-14
Gatad1,4.35E-19,-0.258014786,0.086,0.791,1.35E-14
Zfp407,4.44E-19,-0.260865468,0.049,0.716,1.38E-14
Cpd,4.51E-19,-0.258729364,0.025,0.672,1.40E-14
D10Wsu102e,4.56E-19,-0.323106032,0.123,0.881,1.42E-14
Jade1,4.59E-19,-0.257100146,0.074,0.761,1.43E-14
Mum1,4.76E-19,-0.321800202,0.049,0.721,1.48E-14
Wwp2,4.86E-19,-0.389686198,0.025,0.657,1.51E-14
Paf1,4.91E-19,-0.376625489,0.049,0.721,1.52E-14
Nfatc3,5.43E-19,-0.259261585,0.062,0.751,1.69E-14
Ssr3,5.47E-19,-0.278779884,0.062,0.741,1.70E-14
Tbl1xr1,5.74E-19,-0.470173125,0.012,0.642,1.78E-14
Tex13b,5.80E-19,-0.447615697,0.099,0.791,1.80E-14
Snap47,5.95E-19,-0.257078273,0.037,0.697,1.85E-14
Osbpl2,6.04E-19,-0.265194508,0.037,0.697,1.88E-14
Sp1,6.04E-19,-0.262389423,0.037,0.697,1.88E-14
Rdh14,6.07E-19,-0.305524876,0.074,0.771,1.89E-14
Lacc1,6.11E-19,-0.340317569,0.012,0.642,1.90E-14
E130307A14Rik,6.11E-19,-0.325221071,0.012,0.642,1.90E-14
Creb1,6.11E-19,-0.304701987,0.012,0.642,1.90E-14
Hs2st1,6.11E-19,-0.288492948,0.012,0.642,1.90E-14
Rab11fip2,6.17E-19,-0.262024679,0.185,0.97,1.91E-14
Man1a2,6.33E-19,-0.258268533,0.16,0.92,1.97E-14
Msh6,6.79E-19,-0.311016798,0.086,0.781,2.11E-14
Pcmt1,6.98E-19,-0.347397428,0.173,0.925,2.17E-14
Melk,7.13E-19,-0.313080592,0,0.612,2.21E-14
Dnajc5,7.81E-19,-0.340315975,0.025,0.667,2.42E-14
Washc4,8.13E-19,-0.34769318,0.062,0.741,2.53E-14
Naxe,8.14E-19,-0.303554664,0.16,0.93,2.53E-14
Ubxn7,8.44E-19,-0.26118791,0.025,0.667,2.62E-14
Fam35a,8.54E-19,-0.299387713,0.037,0.692,2.65E-14
Adipor2,9.34E-19,-0.290981789,0.049,0.721,2.90E-14
Spata7,9.49E-19,-0.344376371,0.049,0.711,2.95E-14
Fbxl3,9.52E-19,-0.25797973,0.037,0.692,2.96E-14
Canx,9.73E-19,-0.353206744,0.198,0.975,3.02E-14
Lrch3,9.92E-19,-0.303141494,0.012,0.637,3.08E-14
Adam17,1.00E-18,-0.339498999,0.037,0.687,3.11E-14
Cdk13,1.06E-18,-0.315337968,0.185,0.95,3.28E-14
Inpp5f,1.08E-18,-0.446175558,0.025,0.657,3.36E-14
Cep95,1.15E-18,-0.322455125,0,0.607,3.58E-14
Tbp,1.15E-18,-0.313810403,0,0.607,3.58E-14
Sh3glb1,1.22E-18,-0.326763071,0.185,0.955,3.80E-14
Mark3,1.25E-18,-0.31019267,0.198,0.975,3.87E-14
Tchh,1.33E-18,-0.391048913,0.025,0.662,4.12E-14
Dhx16,1.39E-18,-0.323246893,0.049,0.711,4.32E-14
Sptan1,1.40E-18,-0.380981994,0.198,0.935,4.33E-14
Sf3b1,1.44E-18,-0.549717438,0.21,0.98,4.47E-14
Igf2r,1.45E-18,-0.295707857,0.148,0.896,4.51E-14
Gls,1.46E-18,-0.250435815,0.198,0.975,4.54E-14
Zbtb18,1.51E-18,-0.336007191,0.062,0.736,4.68E-14
Eri1,1.56E-18,-0.277475202,0.049,0.706,4.83E-14
Akirin1,1.57E-18,-0.26575926,0.049,0.711,4.88E-14
Wdr11,1.61E-18,-0.304098979,0.074,0.766,5.01E-14
Map1s,1.64E-18,-0.31654351,0.037,0.687,5.09E-14
Mipol1,1.65E-18,-0.31740761,0.025,0.657,5.11E-14
Rbm6,1.68E-18,-0.265213974,0.185,0.975,5.22E-14
Smc1a,1.71E-18,-0.278457382,0.185,0.965,5.31E-14
Thoc1,1.81E-18,-0.263038288,0.111,0.831,5.63E-14
Mpp6,1.84E-18,-0.287148268,0.173,0.96,5.71E-14
Taok2,1.86E-18,-0.321118788,0.025,0.657,5.78E-14
Usp36,2.07E-18,-0.344473573,0.025,0.652,6.43E-14
Arl6ip4,2.15E-18,-0.323759041,0.062,0.731,6.67E-14
Ankrd17,2.15E-18,-0.273263743,0.173,0.96,6.69E-14
Strap,2.18E-18,-0.453968577,0.185,0.95,6.78E-14
Clint1,2.21E-18,-0.309720748,0.074,0.751,6.87E-14
Rint1,2.40E-18,-0.324408944,0.074,0.756,7.44E-14
Fus,2.42E-18,-0.714688391,0.333,0.995,7.51E-14
Phf21a,2.42E-18,-0.261909343,0.173,0.945,7.52E-14
4932438A13Rik,2.48E-18,-0.75159398,0.247,1,7.69E-14
Odf2,2.48E-18,-0.298005429,0.049,0.697,7.69E-14
Cdk7,2.52E-18,-0.299956443,0.074,0.761,7.82E-14
Sepsecs,2.56E-18,-0.261839304,0.025,0.647,7.95E-14
Mybbp1a,2.77E-18,-0.375427441,0.037,0.677,8.60E-14
Ahi1,2.99E-18,-0.253447983,0.086,0.786,9.27E-14
Aebp2,2.99E-18,-0.34431508,0.037,0.677,9.29E-14
Thoc3,3.10E-18,-0.292719726,0.148,0.881,9.64E-14
Phlpp1,3.14E-18,-0.325874925,0.025,0.652,9.76E-14
Sprtn,3.47E-18,-0.307611668,0.012,0.617,1.08E-13
Picalm,3.64E-18,-0.278474692,0.123,0.846,1.13E-13
Cant1,3.70E-18,-0.310597771,0.037,0.667,1.15E-13
Sar1a,3.72E-18,-0.347997098,0.148,0.905,1.15E-13
Ilf3,3.77E-18,-0.262011276,0.185,0.97,1.17E-13
8030474K03Rik,3.81E-18,-0.266415462,0.148,0.891,1.18E-13
Adss,3.87E-18,-0.327532425,0.198,0.97,1.20E-13
Zc3h13,3.87E-18,-0.472663104,0.222,0.995,1.20E-13
Smchd1,4.03E-18,-0.449237581,0.222,0.98,1.25E-13
Rhot1,4.12E-18,-0.29003306,0.037,0.677,1.28E-13
Diaph3,4.16E-18,-0.321803593,0.012,0.622,1.29E-13
Fancm,4.16E-18,-0.251180151,0.012,0.622,1.29E-13
Sec23ip,4.18E-18,-0.330738376,0.037,0.667,1.30E-13
Ipo11,4.24E-18,-0.283847037,0.025,0.642,1.32E-13
Pts,4.56E-18,-0.265660427,0.111,0.831,1.42E-13
Usp16,4.73E-18,-0.259772596,0.185,0.975,1.47E-13
Armc1,4.77E-18,-0.311830363,0.136,0.866,1.48E-13
Rfwd3,4.79E-18,-0.298723805,0.037,0.677,1.49E-13
Jarid2,4.94E-18,-0.254021548,0.173,0.91,1.53E-13
Fubp1,5.08E-18,-0.567761558,0.296,0.995,1.58E-13
Rnf220,5.21E-18,-0.303394051,0.049,0.692,1.62E-13
Selenot,5.48E-18,-0.326752349,0.062,0.726,1.70E-13
Chmp1a,6.00E-18,-0.308066413,0.062,0.711,1.86E-13
Fam204a,6.48E-18,-0.33543243,0.16,0.896,2.01E-13
D430042O09Rik,6.66E-18,-0.330456387,0.012,0.617,2.07E-13
Insig2,6.66E-18,-0.291958782,0.012,0.617,2.07E-13
Lyst,7.00E-18,-0.287177705,0.136,0.861,2.17E-13
Glce,7.05E-18,-0.270130987,0.049,0.687,2.19E-13
Haspin,7.37E-18,-0.290913063,0.025,0.642,2.29E-13
Luzp1,7.58E-18,-0.417730809,0.198,0.94,2.35E-13
Pde3b,7.72E-18,-0.310528763,0.025,0.642,2.40E-13
Znrf2,7.83E-18,-0.288890965,0.025,0.642,2.43E-13
Sltm,8.45E-18,-0.276388306,0.198,0.955,2.62E-13
Msl2,8.70E-18,-0.32350317,0.012,0.612,2.70E-13
Chd1,8.92E-18,-0.274866568,0.037,0.662,2.77E-13
Arid4b,8.96E-18,-0.417047148,0.198,0.97,2.78E-13
Kif1bp,9.03E-18,-0.291551898,0.086,0.771,2.80E-13
Eif4enif1,9.05E-18,-0.319386451,0.198,0.965,2.81E-13
Aen,9.19E-18,-0.271046315,0.049,0.697,2.85E-13
Dnpep,9.80E-18,-0.323662286,0.173,0.91,3.04E-13
Pithd1,1.05E-17,-0.275102459,0.049,0.697,3.26E-13
Espl1,1.10E-17,-0.313261997,0.062,0.716,3.42E-13
Rnf14,1.11E-17,-0.301603092,0.049,0.682,3.43E-13
Dlg1,1.17E-17,-0.274389555,0.062,0.716,3.62E-13
Taf12,1.22E-17,-0.260066649,0.123,0.831,3.79E-13
Prpf18,1.23E-17,-0.305687028,0,0.582,3.81E-13
Naa35,1.34E-17,-0.256505273,0.222,0.965,4.15E-13
Tnrc6c,1.40E-17,-0.260349764,0.185,0.955,4.33E-13
Fam122b,1.67E-17,-0.332235873,0.012,0.607,5.18E-13
Zfp942,1.69E-17,-0.253711628,0.012,0.607,5.26E-13
Sptlc2,1.85E-17,-0.281092426,0.099,0.791,5.74E-13
Vipas39,1.95E-17,-0.302697489,0,0.577,6.05E-13
Cnot1,1.96E-17,-0.362842233,0.198,0.935,6.10E-13
Scaf4,2.00E-17,-0.255898521,0.037,0.652,6.20E-13
Ccdc138,2.07E-17,-0.321371591,0.012,0.602,6.43E-13
Mns1,2.20E-17,-0.254065142,0.062,0.716,6.83E-13
Adsl,2.26E-17,-0.310337337,0.037,0.657,7.02E-13
Sil1,2.28E-17,-0.301250194,0.025,0.632,7.07E-13
Abca1,2.29E-17,-0.288530081,0.049,0.682,7.12E-13
Zbtb20,2.31E-17,-0.324112877,0.025,0.632,7.18E-13
Tatdn1,2.31E-17,-0.276417889,0.025,0.632,7.18E-13
Pard3,2.69E-17,-0.252988318,0.012,0.602,8.35E-13
Mycbp2,2.69E-17,-0.509022944,0.309,0.995,8.36E-13
Ptpn1,2.82E-17,-0.318770114,0.049,0.677,8.76E-13
Dgat1,2.85E-17,-0.275340149,0.086,0.751,8.85E-13
Polr3a,3.08E-17,-0.313133599,0,0.572,9.58E-13
Efl1,3.08E-17,-0.311486325,0,0.572,9.58E-13
Srrm1,3.16E-17,-0.389760105,0.235,0.985,9.81E-13
Zfp652,3.20E-17,-0.253498793,0.025,0.627,9.94E-13
Ddx17,3.20E-17,-0.264330282,0.198,0.965,9.94E-13
Papola,3.31E-17,-0.325471572,0.235,0.97,1.03E-12
Dhx32,3.48E-17,-0.331318137,0.025,0.617,1.08E-12
Dnajc3,3.63E-17,-0.311644578,0.148,0.876,1.13E-12
Vti1a,3.66E-17,-0.310122745,0.025,0.627,1.14E-12
Wiz,3.76E-17,-0.281102934,0.012,0.597,1.17E-12
Pbrm1,4.22E-17,-0.38177047,0.222,0.975,1.31E-12
Klhl20,4.63E-17,-0.259418403,0.062,0.692,1.44E-12
Sirt3,4.87E-17,-0.3231962,0,0.567,1.51E-12
Mbd1,4.87E-17,-0.293897202,0,0.567,1.51E-12
Rab10os,4.87E-17,-0.288821103,0,0.567,1.51E-12
Hacd2,4.95E-17,-0.28577993,0.086,0.746,1.54E-12
Clcn5,5.05E-17,-0.270646069,0.062,0.701,1.57E-12
Ppfia1,5.27E-17,-0.275948337,0.062,0.701,1.64E-12
Tbc1d10b,5.32E-17,-0.276323337,0.049,0.677,1.65E-12
Arl6ip1,5.50E-17,-0.36178084,0.21,0.97,1.71E-12
Macf1,5.61E-17,-0.550306402,0.235,0.99,1.74E-12
Acsl1,5.70E-17,-0.27960123,0.025,0.622,1.77E-12
Klhl15,5.92E-17,-0.333996969,0.025,0.612,1.84E-12
5031425E22Rik,5.94E-17,-0.308982551,0.012,0.592,1.84E-12
Plagl2,6.22E-17,-0.303249595,0.012,0.592,1.93E-12
Ccar1,6.34E-17,-0.382598155,0.235,0.97,1.97E-12
Cebpz,6.40E-17,-0.398763278,0.21,0.97,1.99E-12
Atp6v0b,6.58E-17,-0.301103128,0.235,0.96,2.04E-12
Mbd6,6.66E-17,-0.309627981,0.025,0.617,2.07E-12
Lrrc51,6.71E-17,-0.270300198,0.012,0.592,2.08E-12
Pspc1,6.89E-17,-0.250443679,0.173,0.915,2.14E-12
Ppm1a,6.96E-17,-0.257761115,0.037,0.637,2.16E-12
Etfa,6.98E-17,-0.274920718,0.21,0.98,2.17E-12
Gtf2h4,7.28E-17,-0.318661446,0.062,0.697,2.26E-12
Atf6,7.67E-17,-0.290965942,0,0.562,2.38E-12
Mphosph10,7.97E-17,-0.261810066,0.222,0.985,2.47E-12
Qk,8.30E-17,-0.392915747,0.222,0.985,2.58E-12
Cenpn,8.46E-17,-0.273039154,0.025,0.617,2.63E-12
Nfkbib,8.58E-17,-0.259323767,0.025,0.617,2.67E-12
Kmt2c,8.80E-17,-0.576649467,0.272,0.995,2.73E-12
Ddrgk1,9.61E-17,-0.345270715,0.173,0.91,2.98E-12
Fhl4,9.76E-17,-0.284387799,0.074,0.721,3.03E-12
Spata6,1.03E-16,-0.261208877,0.037,0.642,3.20E-12
Gtdc1,1.05E-16,-0.26298451,0.012,0.587,3.28E-12
Nsd2,1.06E-16,-0.303698715,0.21,0.96,3.28E-12
Snrnp70,1.14E-16,-0.676674175,0.358,0.99,3.53E-12
Kat14,1.16E-16,-0.27510271,0.074,0.716,3.61E-12
Dclre1a,1.20E-16,-0.314719519,0,0.557,3.74E-12
Skiv2l,1.20E-16,-0.294332952,0,0.557,3.74E-12
Tfip11,1.30E-16,-0.285749266,0.037,0.637,4.02E-12
Msh5,1.39E-16,-0.444632647,0.062,0.677,4.31E-12
Ppm1b,1.53E-16,-0.30267024,0.074,0.701,4.75E-12
Fam172a,1.53E-16,-0.292029988,0.012,0.582,4.76E-12
Mettl25,1.58E-16,-0.302572494,0.012,0.582,4.91E-12
Orc5,1.60E-16,-0.263498637,0.012,0.582,4.98E-12
Sec61a1,1.61E-16,-0.31170057,0.037,0.627,5.00E-12
Ndufa10,1.85E-16,-0.393675624,0.247,0.965,5.76E-12
Smyd5,1.88E-16,-0.291047044,0,0.552,5.85E-12
Tomm40,1.88E-16,-0.284194664,0,0.552,5.85E-12
Zfp426,1.88E-16,-0.279057332,0,0.552,5.85E-12
Scaf1,1.88E-16,-0.2596355,0,0.552,5.85E-12
Jmjd6,1.90E-16,-0.305057315,0.012,0.572,5.90E-12
Mtdh,1.92E-16,-0.35353399,0.247,0.995,5.97E-12
Mga,2.01E-16,-0.353879973,0.222,0.97,6.24E-12
Slc25a11,2.12E-16,-0.256858967,0.062,0.682,6.57E-12
Med26,2.47E-16,-0.280159593,0.012,0.577,7.67E-12
Tubb4b,2.90E-16,-0.471115834,0.259,0.99,9.02E-12
Pdhx,2.94E-16,-0.291440588,0,0.547,9.12E-12
Kpnb1,3.03E-16,-0.262675365,0.074,0.701,9.41E-12
Fam229b,3.14E-16,-0.334025593,0.062,0.672,9.76E-12
Tmem65,3.20E-16,-0.277092695,0.025,0.602,9.92E-12
Smndc1,3.34E-16,-0.25435315,0.099,0.756,1.04E-11
Slc38a10,3.39E-16,-0.277982544,0.012,0.567,1.05E-11
Zfp317,3.39E-16,-0.262810802,0.025,0.602,1.05E-11
Gpatch2,3.85E-16,-0.252545564,0.012,0.572,1.19E-11
Rrnad1,3.91E-16,-0.27808581,0.012,0.572,1.21E-11
Rad50,3.93E-16,-0.50826658,0.284,0.99,1.22E-11
Cep83,3.99E-16,-0.310290738,0.222,0.945,1.24E-11
Ssr4,4.16E-16,-0.335139935,0.222,0.97,1.29E-11
Kif27,4.39E-16,-0.263275095,0.037,0.617,1.36E-11
Pcmtd2,4.57E-16,-0.280379521,0,0.542,1.42E-11
Spint2,4.70E-16,-0.332867974,0.062,0.677,1.46E-11
Ankrd11,4.89E-16,-0.272394707,0.247,0.98,1.52E-11
Atl3,5.05E-16,-0.269420276,0.049,0.652,1.57E-11
Zc2hc1a,5.47E-16,-0.257941536,0.099,0.741,1.70E-11
Fgfr1op2,5.74E-16,-0.344107247,0.272,0.975,1.78E-11
Bud31,5.87E-16,-0.277726801,0.173,0.91,1.82E-11
Dsel,6.25E-16,-0.264546212,0.012,0.567,1.94E-11
Wdsub1,6.32E-16,-0.291693868,0.049,0.647,1.96E-11
Nsrp1,6.65E-16,-0.314523832,0.235,0.965,2.06E-11
Ipo9,7.08E-16,-0.297141499,0,0.537,2.20E-11
Scyl3,7.08E-16,-0.2558808,0,0.537,2.20E-11
Kcnq1ot1,7.13E-16,-0.495600908,0.123,0.786,2.21E-11
Agtpbp1,7.63E-16,-0.264424664,0.062,0.662,2.37E-11
Larp1b,8.20E-16,-0.348086333,0.272,0.98,2.55E-11
Rapgef5,8.44E-16,-0.331040421,0.049,0.632,2.62E-11
Bsg,9.09E-16,-0.255223696,0.21,0.945,2.82E-11
Hist1h2aa,9.32E-16,-0.34030615,0.21,0.92,2.89E-11
Akap10,1.09E-15,-0.252450013,0,0.532,3.40E-11
F8,1.16E-15,-0.30801502,0.037,0.602,3.60E-11
Acbd3,1.34E-15,-0.314664961,0.222,0.965,4.16E-11
Pih1d2,1.39E-15,-0.28249011,0.025,0.577,4.31E-11
Ap4b1,1.49E-15,-0.263498412,0.012,0.557,4.64E-11
9930021J03Rik,1.53E-15,-0.316872767,0.259,0.99,4.75E-11
Fam98a,1.61E-15,-0.262954658,0.062,0.662,5.00E-11
Asb8,1.62E-15,-0.272775898,0.049,0.637,5.02E-11
Irak1bp1,1.69E-15,-0.300130946,0,0.527,5.24E-11
Lyrm9,1.70E-15,-0.257496611,0.049,0.627,5.29E-11
Aplp2,1.75E-15,-0.276494121,0.235,0.985,5.42E-11
Cmc4,1.80E-15,-0.251744708,0.173,0.891,5.58E-11
Gm26722,2.02E-15,-0.274918754,0.062,0.652,6.27E-11
Ing2,2.27E-15,-0.268444528,0.012,0.552,7.04E-11
Zpbp,2.27E-15,-0.260939903,0.012,0.552,7.04E-11
Tada2b,2.30E-15,-0.251995778,0.012,0.552,7.15E-11
Vps11,2.35E-15,-0.291698015,0.074,0.682,7.31E-11
Nek1,2.39E-15,-0.331256971,0.235,0.965,7.43E-11
Baz1b,2.44E-15,-0.349409256,0.284,0.975,7.59E-11
Gm20342,2.59E-15,-0.278899547,0,0.522,8.05E-11
Ipo8,2.59E-15,-0.267090526,0,0.522,8.05E-11
Uvrag,2.79E-15,-0.301400982,0.037,0.602,8.65E-11
Ep400,3.04E-15,-0.391837971,0.259,0.97,9.45E-11
Pex1,3.48E-15,-0.282671874,0.012,0.547,1.08E-10
Scrn3,3.48E-15,-0.254626261,0.012,0.547,1.08E-10
Nol8,3.93E-15,-0.306943099,0.296,0.98,1.22E-10
Acer3,3.94E-15,-0.328951864,0.099,0.711,1.22E-10
Mms19,3.97E-15,-0.299922908,0,0.517,1.23E-10
Piga,3.97E-15,-0.280424559,0,0.517,1.23E-10
Samd8,3.97E-15,-0.280159741,0,0.517,1.23E-10
Tbccd1,3.97E-15,-0.277215697,0,0.517,1.23E-10
Nhlrc2,3.97E-15,-0.265649189,0,0.517,1.23E-10
Dpy19l4,3.97E-15,-0.261117016,0,0.517,1.23E-10
Bod1l,4.66E-15,-0.370363842,0.272,0.985,1.45E-10
Ccng2,4.81E-15,-0.255619141,0.012,0.542,1.49E-10
Mrc1,4.95E-15,-0.29743188,0.012,0.542,1.54E-10
Rb1cc1,5.28E-15,-0.391614588,0.296,0.995,1.64E-10
Ehbp1,6.07E-15,-0.271688989,0,0.512,1.88E-10
Ranbp17,6.07E-15,-0.270067051,0,0.512,1.88E-10
Map2k7,6.07E-15,-0.264002919,0,0.512,1.88E-10
Trpc1,6.08E-15,-0.258609424,0.037,0.597,1.89E-10
Gan,6.34E-15,-0.303575894,0.012,0.532,1.97E-10
Pdxdc1,6.53E-15,-0.298467034,0.235,0.945,2.03E-10
Fbxo22,6.92E-15,-0.268511034,0.012,0.532,2.15E-10
Scaper,7.57E-15,-0.268442449,0.272,0.99,2.35E-10
Mmgt1,7.88E-15,-0.295847804,0.037,0.582,2.45E-10
Gna13,7.90E-15,-0.278651892,0.012,0.537,2.45E-10
Eprs,7.92E-15,-0.356292642,0.321,0.99,2.46E-10
Gtf2f1,9.09E-15,-0.259874019,0.272,0.985,2.82E-10
Klhdc8b,9.24E-15,-0.288916986,0,0.507,2.87E-10
Mael,1.09E-14,-0.414893325,0.259,0.98,3.37E-10
mt-Co1,1.16E-14,-0.469529114,0.938,1,3.60E-10
Kctd18,1.18E-14,-0.270741981,0.012,0.527,3.67E-10
Ccdc88a,1.19E-14,-0.297296814,0.284,0.99,3.69E-10
Gm26870,1.40E-14,-0.483127171,0,0.502,4.36E-10
Ric3,1.40E-14,-0.257698827,0,0.502,4.36E-10
Fam168a,1.44E-14,-0.25622338,0.049,0.602,4.47E-10
2410002F23Rik,1.48E-14,-0.299787015,0.012,0.522,4.61E-10
Mrpl58,1.55E-14,-0.270401218,0.198,0.92,4.83E-10
Slc9a6,1.56E-14,-0.275087586,0.025,0.557,4.83E-10
Nrd1,1.77E-14,-0.251754846,0.247,0.985,5.50E-10
Sp4,1.81E-14,-0.250857589,0.037,0.582,5.61E-10
Arglu1,1.99E-14,-0.463206275,0.296,0.995,6.17E-10
Slc35a3,1.99E-14,-0.275360455,0.025,0.552,6.18E-10
Mto1,2.02E-14,-0.263279895,0.025,0.552,6.27E-10
Fancc,2.13E-14,-0.254589069,0,0.498,6.61E-10
Brca2,2.19E-14,-0.382449034,0.321,0.995,6.79E-10
Nup210,2.61E-14,-0.258609025,0.012,0.522,8.09E-10
Tcaim,2.68E-14,-0.257539045,0.012,0.522,8.33E-10
Spdya,2.71E-14,-0.408037225,0.247,0.935,8.43E-10
Mov10l1,3.07E-14,-0.290556214,0.309,1,9.53E-10
Ears2,3.21E-14,-0.261249039,0,0.493,9.98E-10
Zfp943,4.23E-14,-0.254841146,0.012,0.517,1.31E-09
Pcm1,4.51E-14,-0.439021574,0.296,0.99,1.40E-09
mt-Nd4,4.64E-14,-0.49367993,0.84,1,1.44E-09
Arhgap21,5.52E-14,-0.252370974,0.025,0.542,1.71E-09
Cep128,6.27E-14,-0.272326974,0.025,0.532,1.95E-09
Specc1,7.50E-14,-0.258977862,0.062,0.607,2.33E-09
Rif1,7.69E-14,-0.359687936,0.321,1,2.39E-09
Smarca5,8.60E-14,-0.5777213,0.58,1,2.67E-09
Zfp318,9.13E-14,-0.410715598,0.346,0.99,2.84E-09
Zcchc11,1.14E-13,-0.275687414,0.296,0.985,3.55E-09
Tet3,1.39E-13,-0.336341308,0.012,0.502,4.31E-09
Herc1,1.49E-13,-0.275763441,0.309,1,4.63E-09
Stat1,1.63E-13,-0.263039761,0,0.473,5.06E-09
Zfp68,1.93E-13,-0.261731354,0.012,0.498,6.00E-09
H2-K1,2.37E-13,-0.412913744,0.284,0.955,7.36E-09
2310061I04Rik,2.40E-13,-0.290945299,0.259,0.955,7.47E-09
Gm26901,2.43E-13,-0.269263187,0,0.468,7.53E-09
Scrib,2.43E-13,-0.257015574,0,0.468,7.53E-09
Myo9a,2.74E-13,-0.432348914,0.346,0.995,8.52E-09
Cfl1,3.00E-13,-0.297744995,0.222,0.935,9.31E-09
Zfp160,3.60E-13,-0.256672348,0,0.463,1.12E-08
Thoc2,4.20E-13,-0.371219871,0.333,1,1.30E-08
Akap11,4.35E-13,-0.306480263,0.259,0.97,1.35E-08
Rab14,4.66E-13,-0.298456022,0.296,0.985,1.45E-08
Snx14,4.84E-13,-0.279639576,0.037,0.537,1.50E-08
Alg13,6.31E-13,-0.276811181,0.284,0.99,1.96E-08
Stag3,6.31E-13,-0.39222055,0.296,0.99,1.96E-08
Cdk12,1.42E-12,-0.464426727,0.37,0.995,4.42E-08
Tnrc18,1.56E-12,-0.269670791,0.012,0.473,4.84E-08
Diexf,1.91E-12,-0.264963919,0.012,0.468,5.94E-08
Magt1,1.94E-12,-0.256239279,0.037,0.522,6.02E-08
Mastl,2.51E-12,-0.272374443,0,0.438,7.80E-08
Gm29107,2.51E-12,-0.267530229,0,0.438,7.80E-08
Ppig,4.94E-12,-0.392093001,0.333,1,1.53E-07
Polr2a,9.06E-12,-0.305981675,0.309,0.98,2.81E-07
Ubn1,1.42E-11,-0.298096923,0.333,0.99,4.40E-07
Cep290,2.22E-11,-0.370283741,0.346,0.995,6.88E-07
Adad2,2.37E-11,-0.25253725,0,0.408,7.35E-07
Usp34,3.54E-11,-0.446953551,0.42,1,1.10E-06
Senp6,4.31E-11,-0.360521005,0.358,0.99,1.34E-06
Sbno1,5.57E-11,-0.328236168,0.383,0.99,1.73E-06
Gm44601,7.03E-11,-0.459725483,0,0.393,2.18E-06
Matr3,1.01E-10,-0.262211015,0.346,0.995,3.13E-06
AC160336.1,1.08E-10,-0.453275018,0.395,0.995,3.37E-06
Gm773,1.19E-10,-0.252775072,0.025,0.438,3.70E-06
Phyhipl,1.39E-10,-0.256759058,0.049,0.488,4.31E-06
Arhgap5,1.95E-10,-0.31116253,0.383,1,6.07E-06
Sycp2,2.36E-10,-0.27331706,0.432,0.995,7.32E-06
Cenpf,3.57E-10,-0.329204445,0.42,0.985,1.11E-05
Ttc3,4.59E-10,-0.398514427,0.432,0.995,1.43E-05
mt-Co2,5.03E-10,-0.361212707,0.877,1,1.56E-05
Ddx10,5.61E-10,-0.29740237,0.432,0.99,1.74E-05
Ccng1,1.03E-09,-0.254502668,0.037,0.428,3.20E-05
Wnk1,1.33E-09,-0.372026028,0.457,1,4.14E-05
Nxf2,1.45E-09,-0.251282092,0.012,0.378,4.49E-05
Nipbl,1.61E-09,-0.301313805,0.407,0.99,4.99E-05
Rock1,2.82E-09,-0.443614593,0.407,0.995,8.77E-05
Csde1,7.77E-09,-0.301266116,0.395,0.995,0.000241196
Hspa5,9.12E-09,-0.40752163,0.556,1,0.000283159
Smc4,1.45E-08,-0.421499879,0.506,1,0.000449216
Odc1,1.72E-08,-0.288617495,0.383,0.98,0.00053562
Ddx24,1.86E-08,-0.311230635,0.42,0.995,0.000578234
Kdm5a,3.08E-08,-0.330385236,0.432,0.995,0.000955733
Eif4g2,3.13E-08,-0.293379559,0.407,0.995,0.000973005
Topbp1,5.78E-08,-0.334155242,0.42,0.995,0.00179608
Fmr1,1.61E-07,-0.391119459,0.58,1,0.004990621
4930447C04Rik,2.19E-07,-0.349391407,0.802,1,0.006799569
Calr,1.29E-06,-0.272564393,0.568,1,0.040062884
Hsp90b1,1.53E-06,-0.317980189,0.543,0.995,0.047573275
mt-Nd3,5.74E-06,-0.331284712,0.642,1,0.178281211
Nasp,4.54E-05,-0.258946191,0.593,1,1
Malat1,0.009818921,-0.296790303,0.914,1,1
,,,,,
,,,,,
,,,,,
,,,,,
,,,,,
,,,,,
,,,,,
,,,,,
,,,,,
,,,,,
,,,,,
,,,,,
,,,,,
,,,,,
,,,,,
,,,,,
,,,,,
,,,,,
,,,,,
,,,,,
,,,,,
,,,,,
,,,,,
,,,,,
,,,,,
,,,,,
,,,,,
,,,,,
,,,,,
,,,,,
,,,,,
,,,,,
,,,,,
,,,,,
,,,,,
,,,,,
,,,,,
,,,,,
,,,,,
,,,,,
,,,,,
,,,,,
,,,,,
,,,,,
,,,,,
,,,,,
,,,,,
,,,,,
,,,,,
,,,,,
,,,,,
,,,,,
,,,,,
,,,,,
,,,,,
,,,,,
,,,,,
,,,,,
,,,,,
,,,,,
,,,,,
,,,,,
,,,,,
,,,,,
,,,,,
,,,,,
,,,,,
,,,,,
,,,,,
,,,,,
,,,,,
,,,,,
,,,,,
,,,,,
,,,,,
,,,,,
,,,,,
,,,,,
,,,,,
,,,,,
,,,,,
,,,,,
,,,,,
,,,,,
,,,,,
,,,,,
,,,,,
,,,,,
,,,,,
,,,,,
,,,,,
,,,,,
,,,,,
,,,,,
,,,,,
,,,,,
,,,,,
,,,,,
,,,,,
,,,,,
,,,,,
,,,,,
,,,,,
,,,,,
,,,,,
,,,,,
,,,,,
,,,,,
,,,,,
,,,,,
,,,,,
,,,,,
,,,,,
,,,,,
,,,,,
,,,,,
,,,,,
,,,,,
,,,,,
,,,,,
,,,,,
,,,,,
,,,,,
,,,,,
,,,,,
,,,,,
,,,,,
,,,,,
,,,,,
,,,,,
,,,,,
,,,,,
,,,,,
,,,,,
,,,,,
,,,,,
,,,,,
,,,,,
,,,,,
,,,,,
,,,,,
,,,,,
,,,,,
,,,,,
,,,,,
,,,,,
,,,,,
,,,,,
,,,,,
,,,,,
,,,,,
,,,,,
,,,,,
,,,,,
,,,,,
,,,,,
,,,,,
,,,,,
,,,,,
,,,,,
,,,,,
,,,,,
,,,,,
,,,,,
,,,,,
,,,,,
,,,,,
,,,,,
,,,,,
,,,,,
,,,,,
,,,,,
,,,,,
,,,,,
,,,,,
,,,,,
,,,,,
,,,,,
,,,,,
,,,,,
,,,,,
,,,,,
,,,,,
,,,,,
,,,,,
,,,,,
,,,,,
,,,,,
,,,,,
,,,,,
,,,,,
,,,,,
,,,,,
,,,,,
,,,,,
,,,,,
,,,,,
,,,,,
,,,,,
,,,,,
,,,,,
,,,,,
,,,,,
,,,,,
,,,,,
,,,,,
,,,,,
,,,,,
,,,,,
,,,,,
,,,,,
,,,,,
,,,,,
,,,,,
,,,,,
,,,,,
,,,,,
,,,,,
,,,,,
,,,,,
,,,,,
,,,,,
,,,,,
,,,,,
,,,,,
,,,,,
,,,,,
,,,,,
,,,,,
,,,,,
,,,,,
,,,,,
,,,,,
,,,,,
,,,,,
,,,,,
,,,,,
,,,,,
,,,,,
,,,,,
,,,,,
,,,,,
,,,,,
,,,,,
,,,,,
,,,,,
,,,,,
,,,,,
,,,,,
,,,,,
,,,,,
,,,,,
,,,,,
,,,,,
,,,,,
,,,,,
,,,,,
,,,,,
,,,,,
,,,,,
,,,,,
,,,,,
,,,,,
,,,,,
,,,,,
,,,,,
,,,,,
,,,,,
,,,,,
,,,,,
,,,,,
,,,,,
,,,,,
,,,,,
,,,,,
,,,,,
,,,,,
,,,,,
,,,,,
,,,,,
,,,,,
,,,,,
,,,,,
,,,,,
,,,,,
,,,,,
,,,,,
,,,,,
,,,,,
,,,,,
,,,,,
,,,,,
,,,,,
,,,,,
,,,,,
,,,,,
,,,,,
,,,,,
,,,,,
,,,,,
,,,,,
,,,,,
,,,,,
,,,,,
,,,,,
,,,,,
,,,,,
,,,,,
,,,,,
,,,,,
,,,,,
,,,,,
,,,,,
,,,,,
,,,,,
,,,,,
,,,,,
,,,,,
,,,,,
,,,,,
,,,,,
,,,,,
,,,,,
,,,,,
,,,,,
,,,,,
,,,,,
,,,,,
,,,,,
,,,,,
,,,,,
,,,,,
,,,,,
,,,,,
,,,,,
,,,,,
,,,,,
,,,,,
,,,,,
,,,,,
,,,,,
,,,,,
,,,,,
,,,,,
,,,,,
,,,,,
,,,,,
,,,,,
,,,,,
,,,,,
,,,,,
,,,,,
,,,,,
,,,,,
,,,,,
,,,,,
,,,,,
,,,,,
,,,,,
,,,,,
,,,,,
,,,,,
,,,,,
,,,,,
,,,,,
,,,,,
,,,,,
,,,,,
,,,,,
,,,,,
,,,,,
,,,,,
,,,,,
,,,,,
,,,,,
,,,,,
,,,,,
,,,,,
,,,,,
,,,,,
,,,,,
,,,,,
,,,,,
,,,,,
,,,,,
,,,,,
,,,,,
,,,,,
,,,,,
,,,,,
,,,,,
,,,,,
,,,,,
,,,,,
,,,,,
,,,,,
,,,,,
,,,,,
,,,,,
,,,,,
,,,,,
,,,,,
,,,,,
,,,,,
,,,,,
,,,,,
,,,,,
,,,,,
,,,,,
,,,,,
,,,,,
,,,,,
,,,,,
,,,,,
,,,,,
,,,,,
,,,,,
,,,,,
,,,,,
,,,,,
,,,,,
,,,,,
,,,,,
,,,,,
,,,,,
,,,,,
,,,,,
,,,,,
,,,,,
,,,,,
,,,,,
,,,,,
,,,,,
,,,,,
,,,,,
,,,,,
,,,,,
,,,,,
,,,,,
,,,,,
,,,,,
,,,,,
,,,,,
,,,,,
,,,,,
,,,,,
,,,,,
,,,,,
,,,,,
,,,,,
,,,,,
,,,,,
,,,,,
,,,,,
,,,,,
,,,,,
,,,,,
,,,,,
,,,,,
,,,,,
,,,,,
,,,,,
,,,,,
,,,,,
,,,,,
,,,,,
,,,,,
,,,,,
,,,,,
,,,,,
,,,,,
,,,,,
,,,,,
,,,,,
,,,,,
,,,,,
,,,,,
,,,,,