"","p_val","avg_logFC","pct.1","pct.2","p_val_adj"
"Gm42418",2.83613408924898e-25,3.09804953859266,0.864,0.388,8.80704718734486e-21
"Sycp1",2.28906198135503e-23,1.83418639135521,0.901,0.507,7.10822417070176e-19
"Hspe1",8.77893825669137e-23,-1.47076754152394,0.395,0.901,2.72612369685037e-18
"Actb",2.26773170500104e-22,-1.75853026130133,0.432,0.961,7.04198726353972e-18
"Rhox5",4.5516797072985e-22,-1.85836341280154,0.037,0.743,1.4134330995074e-17
"Dppa5a",6.83358613852771e-22,-2.27140739714,0.062,0.737,2.12203350359701e-17
"Tubb5",1.51154051351172e-21,-1.52247058861829,0.272,0.882,4.69378675660795e-17
"Rps2",2.25420312148241e-21,-1.01502574044785,0.765,0.987,6.99997695313932e-17
"AY036118",2.80533909473091e-21,2.49642469138816,0.605,0.066,8.7114194908679e-17
"Mif",4.34441996290298e-21,-1.68130945848405,0.247,0.836,1.34907273108026e-16
"Smc1b",4.03841822328789e-20,1.18071495971354,0.926,0.816,1.25405001087759e-15
"Rps8",5.621442939342e-20,-0.734202548925507,0.938,1,1.74562667595387e-15
"Dppa3",1.21601866195725e-19,-2.00118172997749,0.025,0.671,3.77610275097586e-15
"4930447C04Rik",4.13453986481033e-19,1.8840129547971,0.802,0.382,1.28389866421955e-14
"Rps20",1.30367767091297e-18,0.81081805645871,1,0.98,4.04831027148605e-14
"Tex15",1.52706617801878e-18,1.95224076660212,0.753,0.27,4.74199860260172e-14
"Snrpb",1.60359902016137e-18,-1.33862108403428,0.222,0.829,4.97965603730711e-14
"Ifitm1",1.7785837626878e-18,-1.34001530484038,0.111,0.757,5.52303615827444e-14
"Rhox9",2.80371051307075e-18,-1.66680099164477,0.086,0.704,8.70636225623861e-14
"mt-Nd2",3.24633608796362e-18,1.74821038226886,0.84,0.533,1.00808474539534e-13
"Sycp3",5.33423201295114e-18,1.72535154581648,0.815,0.487,1.65643906698172e-13
"Phlda2",6.81820320464075e-18,-1.95539362216193,0,0.605,2.11725664113709e-13
"Rpl6",8.10091583092166e-18,-0.72946097465932,0.827,1,2.5155773929761e-13
"Rpl27",6.84927587436295e-17,-1.03483410031339,0.457,0.908,2.12690563726593e-12
"Ppia",1.25925656803634e-16,-0.678754435934833,0.852,1,3.91036942072325e-12
"Tuba1b",1.51848564747926e-16,-1.53259988512741,0.074,0.684,4.71535348111735e-12
"Marcksl1",2.73694192068468e-16,-1.32509629946167,0.025,0.618,8.49902574630213e-12
"Gpx4",3.05608396646496e-16,-1.39737688932146,0.111,0.691,9.49005754106363e-12
"Rps3a1",7.64910338310335e-16,-0.617720283500748,0.901,0.993,2.37527607355508e-11
"Tpt1",1.14793499952727e-15,0.917884750912081,0.938,0.862,3.56468255403203e-11
"Lgals1",1.38583003740022e-15,-1.2551058674164,0.185,0.776,4.30341801513892e-11
"Sycp2",1.93038044681822e-15,1.58524719435138,0.432,0.026,5.99441040150461e-11
"Rps3",2.39104374684118e-15,-0.596954107554389,0.889,0.98,7.42490814706592e-11
"mt-Atp6",2.68767399313919e-15,1.09724655261621,0.988,0.809,8.34603405089513e-11
"Atp5g1",3.20529904966177e-15,-1.23789176695417,0.309,0.796,9.95341513891469e-11
"Selenoh",3.75735576323567e-15,-1.24413556156016,0.148,0.704,1.16677168515757e-10
"Rpl41",7.73015218541738e-15,-0.785466747252462,0.827,0.987,2.40044415813766e-10
"Pfn1",1.61942284960217e-14,-1.22249680786626,0.099,0.638,5.02879377486962e-10
"Ifitm2",2.2250395663543e-14,-1.24120025099411,0.136,0.697,6.90941536540001e-10
"mt-Co2",3.67789850110506e-14,1.37321711489476,0.877,0.658,1.14209782154815e-09
"Ybx1",5.51435891646252e-14,-1.15232334069778,0.173,0.73,1.71237387432911e-09
"Dut",5.97900301938619e-14,-1.03356267437906,0.173,0.711,1.85665980760999e-09
"Slc25a5",8.79377029376452e-14,-1.32387278244774,0.025,0.533,2.7307294893227e-09
"Rpl37",1.26695057255935e-13,-0.555929389342678,0.914,0.993,3.93426161296856e-09
"Pou5f1",1.43544221325541e-13,-1.29548430608158,0.012,0.5,4.45747870482202e-09
"Cox8a",1.57086635253629e-13,-1.4997774574016,0.086,0.605,4.87801128453094e-09
"Tmsb10",3.87446000557757e-13,-1.18387907562353,0.259,0.757,1.203136065532e-08
"Hmgn1",4.99270537916045e-13,-1.1688369426991,0.235,0.717,1.55038480139069e-08
"Rpl24",1.16272132037504e-12,-0.632184427601796,0.741,0.974,3.61059851616062e-08
"Ndufb2",1.59152544144787e-12,-1.1089220976309,0.173,0.658,4.94216395332806e-08
"Ran",1.82237042286248e-12,-0.940931194369458,0.444,0.836,5.65900687411485e-08
"Fdps",1.96648319211696e-12,-1.09219887826728,0.037,0.513,6.1065202564808e-08
"Ranbp1",2.22418173148021e-12,-0.956513090681511,0.284,0.783,6.90675153076548e-08
"Atp5b",2.48307729164017e-12,-0.891124350784222,0.494,0.882,7.71069991373021e-08
"Rps24",3.36745049483736e-12,0.499847475848556,0.988,0.993,1.04569440216185e-07
"Myl12a",7.29031448062892e-12,-0.936291786953924,0.148,0.651,2.2638613556697e-07
"H2afv",1.13798919659445e-11,-1.00604130502873,0.185,0.651,3.53379785218474e-07
"Psmb5",1.17468210280338e-11,-0.955085278583278,0.148,0.638,3.64774033383533e-07
"Cox6b1",1.26419777791514e-11,-0.887993660705797,0.321,0.796,3.92571335975989e-07
"Rpl36",1.2705726509477e-11,-0.579066742369967,0.852,0.967,3.9455092529879e-07
"Rhox6",1.37393274909195e-11,-1.33522628048031,0.123,0.572,4.26647336575523e-07
"Hsp90aa1",1.37495129076284e-11,-0.486120032386434,0.926,0.993,4.26963624320585e-07
"Cct7",1.42578931047221e-11,-0.939033176114614,0.309,0.816,4.42750354580935e-07
"Chchd10",1.69997551709856e-11,-1.16761945413717,0.062,0.513,5.27893397324617e-07
"Ptov1",1.77527497546281e-11,-1.17413102425896,0.062,0.507,5.51276138130468e-07
"Atp5f1",2.03040290066891e-11,0.762130185150848,0.852,0.743,6.30501012744715e-07
"Nudc",2.03912588665857e-11,-1.06167559223696,0.198,0.658,6.33209761584087e-07
"Tmem256",2.10240937312118e-11,-1.07201193131751,0.062,0.513,6.52861182635322e-07
"Rps15",2.12937017415436e-11,-0.503578462454365,0.864,0.98,6.61233320180154e-07
"Utf1",2.18738098599805e-11,-1.1145986827671,0.025,0.461,6.79247417581975e-07
"Syce3",2.3083648579619e-11,1.41132207645167,0.568,0.23,7.1681653934291e-07
"Rps27",2.96033102858357e-11,-0.482732233165407,0.877,0.993,9.19271594306057e-07
"Ccnb3",3.74732945647129e-11,1.3957392230446,0.284,0.007,1.16365821611803e-06
"Edf1",3.92101822293916e-11,-0.964025664838965,0.123,0.579,1.2175937887693e-06
"Hbb-y",5.53029159895716e-11,-1.55670362159397,0.037,0.461,1.71732145022417e-06
"mt-Nd6",5.76828178776199e-11,1.43237624709068,0.383,0.059,1.79122454355373e-06
"Stra8",7.01767548564123e-11,-1.18070587334492,0.16,0.638,2.17919876855617e-06
"Atpif1",7.52813985464095e-11,-0.923280385727511,0.272,0.73,2.33771326906165e-06
"Ndufa13",8.30443412623881e-11,-0.906522212686221,0.358,0.77,2.57877592922094e-06
"Pkm",9.05797058823932e-11,-0.962936660815581,0.123,0.592,2.81277160676596e-06
"Cep290",1.04701781883442e-10,1.29651690746994,0.346,0.039,3.25130443282651e-06
"Pim1",1.10761152838322e-10,-1.16416129251774,0,0.395,3.43946607908842e-06
"mt-Nd4",1.28832500909801e-10,0.926112754593138,0.84,0.704,4.00063565075205e-06
"Ndufa1",1.36988597014176e-10,0.988533222302217,0.753,0.592,4.25390690308121e-06
"Rpl14",1.4413889046143e-10,-0.386238631748419,0.951,1,4.47594496549878e-06
"Anp32b",1.63313193664152e-10,-0.876726721767217,0.42,0.816,5.07136460285292e-06
"Hfm1",1.92643160827426e-10,1.34676701709291,0.383,0.066,5.98214807317406e-06
"Dctpp1",2.02214196639124e-10,-0.922366012919332,0.272,0.711,6.27935744823472e-06
"Snrpg",2.15107881687405e-10,-0.762341815801313,0.432,0.842,6.67974505003899e-06
"Cyc1",2.21032349947292e-10,-0.882070934080467,0.148,0.612,6.86371756291326e-06
"Ndufv3",2.21611226919187e-10,-0.982003080583468,0.123,0.553,6.88169342952152e-06
"Rps18",3.45630279621086e-10,-0.401919406252585,0.926,1,1.07328570730736e-05
"Dusp9",5.64300286054713e-10,-1.02271045229161,0.025,0.414,1.7523216782857e-05
"Atr",6.12493995387267e-10,1.54105452063197,0.494,0.164,1.90197760387608e-05
"Hnrnpa1",6.56699509261025e-10,-0.920772579613012,0.235,0.658,2.03924898610826e-05
"Selenow",6.79483796007618e-10,-0.803198381833617,0.074,0.507,2.11000103174246e-05
"Usmg5",8.68503558458799e-10,-0.857622553365694,0.272,0.678,2.69696410008211e-05
"Hmgn2",9.29126829720019e-10,-0.85421492766575,0.198,0.612,2.88521754432957e-05
"Ckb",1.0245405752982e-09,-1.19586326992311,0,0.362,3.18150584847349e-05
"Uqcrb",1.07518269283317e-09,-0.784807559602976,0.37,0.796,3.33876481605483e-05
"Mrpl23",1.32385873392863e-09,-0.859311940692,0.21,0.638,4.11097852646856e-05
"Ptma",1.3939751102176e-09,-0.543170735060766,0.753,0.98,4.32871090975871e-05
"Erh",1.45926896360877e-09,-0.870652610119536,0.049,0.434,4.53146791269433e-05
"Cul3",1.58731346457867e-09,1.60522424123935,0.506,0.197,4.92908450155615e-05
"Hsp90ab1",1.58944914208618e-09,-0.500627062896377,0.901,1,4.93571642092022e-05
"Fkbp4",1.64116973335059e-09,-0.888778636987035,0.136,0.566,5.0963243729736e-05
"Eif4a1",1.69470487606907e-09,-0.802587370868741,0.383,0.783,5.26256705165728e-05
"Rps12",1.89633489906254e-09,0.623717346691877,0.963,0.967,5.88868876205891e-05
"Hmgb3",1.99151606437233e-09,-0.798421718146265,0.099,0.513,6.18425483469538e-05
"Cks2",2.45203122782008e-09,-0.978240696657869,0.259,0.658,7.61429257174968e-05
"Gapdh",2.98450291271551e-09,-0.870453869691151,0.185,0.625,9.26777689485549e-05
"Eef1g",3.12850604049692e-09,-0.632954485933858,0.605,0.934,9.71494980755507e-05
"C1qbp",3.32154501184554e-09,-1.00719714593812,0.074,0.474,0.000103143937252839
"Lars2",3.7207204130214e-09,1.24228561722053,0.346,0.059,0.000115539530985554
"Eif5a",3.99590116174892e-09,-0.678737017750849,0.383,0.809,0.000124084718775789
"Nt5dc2",4.01219001174356e-09,-0.802789820445165,0.012,0.362,0.000124590536434673
"Cenpa",4.1111875945395e-09,-0.855397131657622,0.049,0.428,0.000127664708373235
"Cct4",4.31203696307472e-09,-0.735926353945143,0.358,0.763,0.000133901683814359
"Hspa8",4.56150748322261e-09,-0.480010336870856,0.753,0.961,0.000141648491876512
"Stmn1",5.31032759280847e-09,-0.767756072516692,0.309,0.73,0.000164901602739482
"Rpa2",5.31706999116295e-09,-0.861346557498795,0.086,0.48,0.000165110974435583
"Dtymk",5.60385719406456e-09,-0.738770775648403,0.123,0.539,0.000174016577447287
"Psme2",5.76971416590401e-09,-0.770655551351508,0.025,0.388,0.000179166933993817
"Prmt1",5.8213162302095e-09,-0.583311121994441,0.086,0.487,0.000180769332896696
"Psma3",5.86075763939251e-09,-0.857499705074296,0.333,0.724,0.000181994106976056
"Hnrnpr",5.9855295193571e-09,-0.822883886325531,0.173,0.586,0.000185868648164596
"Prdx2",6.83083405045864e-09,-0.782203449285777,0.136,0.559,0.000212117889768892
"Gpx1",7.65109504184013e-09,-0.769709055040353,0.049,0.428,0.000237589454334262
"Taf7l",8.31098730604467e-09,1.24786831488193,0.556,0.25,0.000258081088814605
"Impdh2",8.54258977507521e-09,-0.848249631607332,0.086,0.48,0.00026527304028541
"Lsm7",9.45967223637608e-09,-0.830786686618342,0.259,0.671,0.000293751201956186
"Nudt21",9.58108086242564e-09,-0.780314788799905,0.198,0.618,0.000297521304020904
"Cox7b",9.87835603344616e-09,-1.08576314154821,0.136,0.52,0.000306752589906604
"Zcwpw1",1.0288275980881e-08,1.15893714631051,0.691,0.526,0.000319481834034298
"Gpi1",1.24130252092633e-08,-0.849372138669587,0.062,0.428,0.000385461671823252
"Mcm6",1.25975611472063e-08,-0.756348533517207,0.062,0.428,0.000391192066304197
"Tbcb",1.32072716448652e-08,-0.80159337375024,0.049,0.408,0.000410125406387999
"Terb1",1.37205282601874e-08,1.16341511574986,0.333,0.059,0.0004260635640636
"Ccnh",1.3833961699578e-08,-0.798346106143289,0.099,0.474,0.000429586012656995
"Calm2",1.40171878593416e-08,-0.559880165257964,0.469,0.849,0.000435275734596134
"Ifitm3",1.4594031846556e-08,-1.00204006299305,0.062,0.428,0.000453188470931104
"Tex19.1",1.53427899064705e-08,-0.946787469661095,0.049,0.408,0.00047643965496563
"mt-Cytb",1.59772259501899e-08,0.753419124430419,0.852,0.717,0.000496140797431247
"Pmm1",1.60075187570586e-08,-0.91356870940381,0.037,0.382,0.00049708147996294
"Wdr61",1.62590028559188e-08,-0.625837142320045,0.099,0.48,0.000504890815684846
"Id3",1.65025095543748e-08,-0.825936980130826,0.198,0.618,0.000512452429192001
"Sec61g",1.6736245514375e-08,-0.686483719033353,0.432,0.789,0.000519710631957886
"Rps10",1.73918845097696e-08,0.492311569508165,0.938,0.967,0.000540070189681875
"Phb2",1.79836612237572e-08,-0.661838446823673,0.111,0.513,0.000558446631981333
"Rps6",1.83960000828664e-08,-0.4052611764289,0.84,0.987,0.000571250990573249
"Idh3g",2.35600673630049e-08,-0.691471463874178,0.123,0.513,0.000731610771823391
"Hist1h1e",2.36502374182399e-08,1.41650494960053,0.358,0.079,0.000734410822548604
"Rpl8",2.50209586413349e-08,-0.374551349716977,0.827,0.967,0.000776975828689373
"Rpl39",2.62908871781291e-08,-0.385410253582552,0.951,0.993,0.000816410919542443
"Pdpn",3.00785810091833e-08,-0.799725135656793,0,0.309,0.000934030176078169
"Jund",3.03200554767595e-08,-0.688959592531867,0.049,0.408,0.000941528682719812
"Asna1",3.14265325557467e-08,-0.801942513757381,0.012,0.329,0.000975888115453603
"Nme1",3.14386904773498e-08,-0.640935953472352,0.222,0.638,0.000976265655393144
"Rps17",3.16406881259586e-08,-0.370952455760793,0.901,0.98,0.000982538288375392
"Mcmbp",3.60523649045057e-08,-0.806611892366762,0.062,0.421,0.00111953408737962
"Rplp2",4.0897787287845e-08,-0.334423618824861,0.951,1,0.00126999898864945
"Pfdn4",4.13884806520387e-08,-0.766452722925996,0.099,0.461,0.00128523648968776
"Slc39a1",4.19308147285583e-08,-0.87053418606662,0.012,0.329,0.00130207758976592
"Ubb",4.73547497048684e-08,-0.490768677948992,0.741,0.987,0.00147050704258528
"Nhp2",5.20551297534581e-08,-0.933803734891264,0.173,0.526,0.00161646794423414
"Set",5.65041311891476e-08,-0.677267797593777,0.309,0.724,0.0017546227858166
"Ube2l3",6.699441917808e-08,-0.652716288761049,0.309,0.678,0.00208037769873692
"Cox6a1",6.70946310301207e-08,-0.732695036298382,0.346,0.73,0.00208348957737834
"Cox7a1",7.09230110660616e-08,-0.70798348302538,0.037,0.362,0.00220237226263441
"Aamp",7.19154106527794e-08,-0.698680052183572,0.049,0.388,0.00223318924700076
"mt-Co3",7.49163413340672e-08,0.674836969706284,0.951,0.961,0.00232637714744679
"Rpl35",7.50566935862545e-08,-0.412569576794862,0.778,0.961,0.00233073550593396
"Ftl1",8.24205062261805e-08,-0.678119188525668,0.481,0.849,0.00255940397984158
"Rpgrip1",8.61592605397933e-08,-0.960929849452194,0.272,0.632,0.0026755035175422
"Rsl1d1",8.71439669111483e-08,-0.710339960202717,0.136,0.507,0.00270608160449189
"Hnrnpa2b1",8.80604774467284e-08,-0.508186647018096,0.531,0.842,0.00273454200615326
"Atp5j2",8.93917580956502e-08,-0.521838029496945,0.63,0.882,0.00277588226414423
"U2af1",9.11616411842768e-08,-0.688682327094656,0.21,0.612,0.00283084244369535
"Serbp1",9.26565664681221e-08,-0.59153661268276,0.469,0.842,0.0028772643585346
"Morf4l1",9.30146799739801e-08,-0.634170583862716,0.37,0.757,0.002888384857232
"Lsm5",9.37889101213949e-08,-0.843333670958025,0.222,0.586,0.00291242702599968
"Rpa3",9.52510284029122e-08,-0.849935240132965,0.123,0.467,0.00295783018499563
"Bola2",1.02700418296997e-07,-0.609458292135736,0.296,0.691,0.00318915608937664
"Polr2g",1.03706817510759e-07,-0.594692844982643,0.136,0.5,0.00322040780416159
"Hnrnpk",1.05065572758822e-07,-0.491405154136332,0.395,0.822,0.00326260123087969
"Ccnb1",1.09656026826066e-07,-0.727156116022042,0.037,0.368,0.00340514860102984
"Hmgb1",1.10140431688079e-07,-0.549073907828984,0.568,0.914,0.00342019082520993
"Ube2c",1.11696948092989e-07,-0.905156274818569,0.099,0.441,0.00346852532913159
"Cd9",1.17984906950605e-07,-0.576954339364799,0.037,0.368,0.00366378531553714
"Dip2c",1.35827563693163e-07,1.00644801516569,0.272,0.039,0.0042178533353638
"mt-Atp8",1.38564202055139e-07,1.22627313867056,0.432,0.164,0.00430283416641822
"Sap18",1.46558580256042e-07,-0.644197371705747,0.123,0.487,0.00455108359269088
"Caprin2",1.49457553849515e-07,1.39756959621188,0.444,0.178,0.004641105419689
"Sf3b2",1.49986514920997e-07,-0.684565489412832,0.136,0.513,0.00465753124784173
"Mdh2",1.51975980693475e-07,-0.816000246042767,0.136,0.487,0.00471931012847448
"Rps28",1.54474553210653e-07,-0.303903541985081,0.963,0.987,0.00479689830085041
"Bst2",1.57377573551821e-07,-0.807460121500036,0.037,0.349,0.0048870457915047
"Ccnb2",1.61248180445453e-07,-0.567102122982885,0.136,0.507,0.00500723974737266
"Psma4",1.63888078172418e-07,-0.719837111867177,0.247,0.612,0.0050892164914881
"Eef1b2",1.73483275127785e-07,0.650179090563263,0.852,0.875,0.00538717614254312
"Fbl",1.75662850437193e-07,-0.652559228813284,0.259,0.651,0.00545485849462615
"AC160336.1",1.80123458893381e-07,1.30162577386153,0.395,0.125,0.00559337376901615
"Rhoa",1.83125119973817e-07,-0.516574723512807,0.148,0.533,0.00568658435054695
"Polr2h",1.8505452759058e-07,-0.790256179240002,0.074,0.408,0.00574649824527027
"Nsmce4a",1.97744802759451e-07,-0.497788280310109,0.037,0.355,0.00614056936008924
"Ndufs8",2.10431570177918e-07,-0.709344919729784,0.049,0.355,0.00653453154873487
"Txn1",2.10712738872353e-07,-0.92930777781982,0.099,0.428,0.00654326268020319
"Actg1",2.13307873450011e-07,-0.678847723290025,0.481,0.822,0.00662384939424319
"Slc25a4",2.30732325909318e-07,-0.598025451698236,0.259,0.645,0.00716493091646205
"Polr2f",2.44012154548215e-07,-0.663759375025453,0.333,0.711,0.00757730943518571
"Wdr18",2.59344248726778e-07,-0.463992746858117,0.062,0.395,0.00805341695571265
"Ralbp1",2.70669515372569e-07,-0.643128704425705,0.086,0.414,0.00840510046086438
"Dnd1",2.78114336666264e-07,-0.644635386912366,0.012,0.303,0.00863628449649748
"Psma7",2.87949799800854e-07,-0.723672926987504,0.247,0.605,0.00894170513321592
"Snrpd1",2.91285085650468e-07,-0.584536934598847,0.358,0.763,0.00904527576470399
"Uqcr11",2.93719101992938e-07,-0.540829527784616,0.37,0.796,0.00912085927418672
"Cfl1",2.96500455279287e-07,-0.905814384424265,0.222,0.559,0.00920722863778769
"Hormad1",2.99120978687824e-07,1.15368817407564,0.617,0.401,0.00928860375119299
"Ube2b",3.04994137919529e-07,-0.566133030314614,0.247,0.638,0.00947098296481514
"Rbm39",3.20743829776118e-07,-0.560435173520598,0.346,0.757,0.00996005814603779
"Eif3k",3.29562535227242e-07,-0.525208952121383,0.321,0.671,0.0102339054064116
"Rexo2",3.40772494528941e-07,-0.686548607073678,0.037,0.349,0.0105820082726072
"Rpl36al",3.72417710329745e-07,-0.615170761070835,0.358,0.737,0.0115646871588696
"Ift88",3.73158180332457e-07,1.04264101449426,0.272,0.046,0.0115876809738638
"Hnrnpf",3.80737779759468e-07,-0.603566081296508,0.235,0.612,0.0118230502748707
"Tra2b",3.88778327193604e-07,-0.572108371913734,0.185,0.546,0.012072733394343
"Glo1",3.9284892820856e-07,-0.688309757726863,0.037,0.336,0.0121991377676604
"Psme1",3.93954900273865e-07,-0.54537648054576,0.062,0.382,0.0122334815182043
"Rec8",3.98226738008539e-07,-0.616392329940967,0.012,0.296,0.0123661348953792
"Cnpy2",3.98589507700277e-07,-0.634409263196371,0.037,0.336,0.0123773999826167
"Sfpq",4.06359946568892e-07,-0.660699734040173,0.148,0.513,0.0126186954208038
"Aldoa",4.08210109200779e-07,-0.509444491284137,0.123,0.507,0.0126761485210118
"Sumo2",4.28980908311696e-07,-0.553737552751109,0.556,0.855,0.0133211441458031
"Rpl11",5.09542802429739e-07,-0.346860607850342,0.914,1,0.0158228326438507
"Pa2g4",5.31031490011146e-07,-0.615346577305639,0.148,0.513,0.0164901208593161
"Mrps36",5.46503159854233e-07,-0.660381320205968,0.123,0.454,0.0169705626229535
"Meioc",5.5312245795287e-07,1.15583071890446,0.469,0.211,0.0171761116868105
"Ndufs6",5.8454554921391e-07,-0.493846162745241,0.407,0.724,0.0181518929397395
"Spag7",6.13902346504028e-07,-0.611797109769524,0.012,0.283,0.0190635095659896
"mt-Nd3",6.3713302011039e-07,1.11189994306044,0.642,0.467,0.0197848916734879
"Anp32a",6.5302763700229e-07,-0.787952510114498,0.012,0.283,0.0202784672118321
"Mtch2",6.62046997795276e-07,-0.785464925471336,0.123,0.447,0.0205585454225367
"Ccnd1",7.19300856418816e-07,-0.703806633707973,0,0.257,0.0223364494943735
"Sh3bgrl3",7.43749031309638e-07,-0.608425315111382,0.16,0.507,0.0230956386692582
"Hnrnpab",7.75014050196625e-07,-0.512011002245335,0.198,0.572,0.0240665113007558
"Ndufb8",8.25180308776108e-07,-0.529436467306908,0.346,0.724,0.0256243241284245
"H2afz",9.13914576623643e-07,-0.449888913732746,0.519,0.822,0.028379789347894
"Taldo1",9.49165446315503e-07,-0.555644992929692,0.148,0.5,0.0294744346044353
"mt-Co1",9.7504392910532e-07,0.580928382648514,0.938,0.901,0.0302780391305075
"Cyct",9.78516412627156e-07,-0.605003706094812,0.074,0.382,0.0303858701613111
"Rpl13",9.98148129044599e-07,-0.268157404973235,1,1,0.0309954938512219
"Glrx2",1.014617666158e-06,-0.376236357069787,0.049,0.355,0.0315069223872044
"Rpl38",1.04500478107388e-06,-0.455548458917444,0.765,0.941,0.0324505334666873
"Rrm2",1.07651699141426e-06,-0.745908937255418,0.025,0.296,0.0334290821343871
"Magoh",1.08974966567386e-06,-0.56753084972495,0.21,0.553,0.0338399963681704
"Rpl37a",1.10666310436998e-06,-0.307632448333365,0.914,1,0.0343652093800009
"Atp5g3",1.11937052667695e-06,-0.52854945991593,0.383,0.757,0.0347598129648993
"Thyn1",1.14784549717041e-06,-0.483014405087456,0.185,0.526,0.0356440462236328
"Pomp",1.34943902796409e-06,-0.416258744409356,0.185,0.526,0.0419041301353689
"Thap12",1.44227290669929e-06,0.950151770126437,0.259,0.046,0.0447869005717331
"Crip1",1.45741285606383e-06,-0.576802090863657,0.049,0.336,0.0452570414193501
"Serf2",1.46456649923555e-06,-0.541945842149328,0.543,0.862,0.0454791835007614
"Ubl4a",1.55042889456191e-06,-0.654944189496875,0.049,0.329,0.0481454684628308
"Sct",1.61309284770762e-06,-0.570356905939403,0.037,0.309,0.0500913721998647
"Zmat2",1.63790281435565e-06,-0.726985840470905,0.173,0.5,0.050861796094186
"Atp5k",1.66865010464116e-06,-0.650938645441343,0.259,0.592,0.051816591699422
"Sarnp",1.79205826881758e-06,-0.571925620170954,0.235,0.605,0.0556487854215924
"Rps4x",1.8184326162973e-06,-0.292442323487277,0.951,1,0.05646778803388
"Cycs",1.85944854964407e-06,-0.48085804091938,0.185,0.526,0.0577414558120972
"Dpy30",1.96608550343335e-06,-0.408290308418428,0.062,0.375,0.0610528531381158
"Pafah1b3",2.07719604968193e-06,-0.691968549478841,0.111,0.414,0.0645031689307728
"U2af2",2.15454885172069e-06,-0.675270058763463,0.074,0.362,0.0669052054924825
"Ddt",2.19335791155844e-06,-0.492881248241273,0.049,0.336,0.0681103432276243
"mt-Nd4l",2.20618105647097e-06,1.23868930105495,0.37,0.138,0.068508540346593
"Fth1",2.30748886617172e-06,-0.559900657023329,0.605,0.868,0.0716544517612304
"Rpl13a",2.32992792587154e-06,-0.57559143885547,0.519,0.809,0.0723512518820889
"Ube2n",2.36672298961924e-06,-0.441670129363944,0.198,0.572,0.0734938489966463
"Psmb6",2.49610217900427e-06,-0.579833987375836,0.321,0.704,0.0775114609646197
"Ndufab1",2.57787515248298e-06,-0.414289364958842,0.407,0.796,0.0800507571100541
"Rpl4",2.61673728218011e-06,-0.376577341268639,0.802,0.967,0.0812575428235389
"Arpc4",2.63745904808443e-06,-0.677078452430408,0.037,0.309,0.0819010158201658
"Pgk1",2.66001990583074e-06,-0.53329715111449,0.062,0.355,0.0826015981357621
"Tmem160",2.80554755400184e-06,-0.488763678342936,0.111,0.421,0.0871206681944192
"Hccs",2.83506971915048e-06,-0.660124403129709,0.148,0.454,0.08803741998878
"Ppp1ca",2.85034173269324e-06,-0.524937729713754,0.136,0.447,0.0885116618253233
"Sumo3",2.87003242377575e-06,-0.45689017604675,0.049,0.336,0.0891231168555085
"Pdgfa",2.87917542064162e-06,-0.589346938377878,0.025,0.289,0.0894070343371842
"Txnl4a",3.14207823118475e-06,-0.469239526070782,0.148,0.487,0.09757095531298
"Park7",3.21669821239196e-06,-0.582397960499371,0.432,0.737,0.0998881295894074
"Cbx3",3.22349635223237e-06,-0.664068029312881,0.272,0.625,0.100099232225872
"Mrps21",3.37375836489994e-06,-0.600443812963501,0.173,0.493,0.104765318505238
"Slirp",3.49576367635875e-06,-0.623315720666982,0.198,0.513,0.108553949441968
"Siva1",3.54147972470858e-06,-0.45562908396548,0.296,0.638,0.109973569891376
"Cox6b2",3.64520692065278e-06,-0.579102202209014,0.086,0.388,0.113194610507031
"Anp32e",3.70123707252893e-06,-0.699067591238046,0.074,0.362,0.114934514813241
"G3bp1",3.90315727633359e-06,-0.463748994384183,0.074,0.375,0.121204742901987
"Mrpl34",3.93070048730253e-06,-0.500645037147678,0.025,0.283,0.122060042232206
"Rpl18",3.94130630408754e-06,-0.348432345031929,0.963,0.993,0.12238938466083
"Lamtor1",4.00063784763259e-06,-0.467074123547796,0.086,0.382,0.124231807082535
"Smc2",4.04251898463262e-06,-0.453229651235124,0.136,0.461,0.125532342029797
"Sf3b1",4.15043631609682e-06,-0.585930200676985,0.21,0.559,0.128883498923755
"Myo9a",4.34628360296488e-06,1.14715716694757,0.346,0.118,0.134965144722868
"Arpc1b",4.44771406676158e-06,-0.588887912463831,0.025,0.276,0.138114864915147
"Cdkn1c",4.47181617423254e-06,-0.474853404675978,0.123,0.454,0.138863307658443
"Rps11",4.49771677267663e-06,-0.305707893817924,0.926,0.993,0.139667598941927
"Atp5c1",4.64365054389413e-06,-0.631965687758338,0.321,0.664,0.144199280339544
"Srsf3",4.68083578686322e-06,-0.446519835306959,0.333,0.717,0.145353993689463
"Prdx1",4.83622194416492e-06,-0.468342506053086,0.593,0.888,0.150179200032153
"Pcbp1",4.97421624079728e-06,-0.498408324984292,0.086,0.395,0.154464336925478
"Rps27rt",5.1756519925278e-06,-0.55891604188291,0.173,0.474,0.160719521323966
"Dynlrb1",5.1827166892295e-06,-0.398405610391978,0.235,0.566,0.160938901350644
"Rpl10",5.26708597530422e-06,-0.376685024478244,0.79,0.974,0.163558820791122
"Tuba1a",5.38007322841542e-06,-0.827998692894405,0.049,0.303,0.167067413961984
"Arl6ip1",5.52372075984296e-06,-0.464413061131521,0.21,0.579,0.171528100755404
"Coprs",5.8986589073324e-06,-0.331078842318964,0.123,0.447,0.183171055049393
"Gm10076",5.95712941807516e-06,-0.56537941297875,0.123,0.421,0.184986739819488
"Rbx1",6.00030947469654e-06,-0.545660043855358,0.383,0.737,0.186327610117752
"Clpp",6.42755621238745e-06,-0.345490074274218,0.086,0.375,0.199594903063267
"Psmb2",6.49483391303575e-06,-0.35943654589054,0.346,0.691,0.201684077501499
"Figla",6.67121705591908e-06,1.10267307351852,0.296,0.086,0.207161303237455
"Rps27l",6.76025274090548e-06,-0.423934301429833,0.691,0.888,0.209926128363338
"Cox4i1",6.7954244601361e-06,-0.417203197592561,0.728,0.921,0.211018315760606
"Atp6v1f",7.04589315472182e-06,-0.352971561171771,0.235,0.592,0.218796120133577
"Pbdc1",7.11286306060013e-06,-0.474914650498176,0.222,0.559,0.220875736620816
"Nudt4",7.24954219790723e-06,-0.388874801202976,0.037,0.296,0.225120033871613
"Gng13",7.24954219790723e-06,-0.640230266137213,0.037,0.296,0.225120033871613
"Naa38",7.55252498681014e-06,-0.608695626776091,0.173,0.48,0.234528558415415
"Ewsr1",8.09209926203365e-06,-0.451402843723918,0.148,0.461,0.251283958383931
"Elob",8.1172682910524e-06,-0.485844267314944,0.506,0.816,0.25206553224205
"Rpl36a",8.24216568673878e-06,-0.308914321899834,0.889,0.967,0.255943971070299
"Srrm1",8.63569653825716e-06,-0.492021698462114,0.235,0.586,0.268164284602499
"Phpt1",8.6853615260422e-06,-0.524377804539898,0.025,0.263,0.269706531468189
"Slc25a3",8.75495888843198e-06,-0.272198777785255,0.247,0.625,0.271867738362478
"Srsf7",8.84675977467441e-06,-0.472255003009333,0.148,0.461,0.274718431282965
"Drg1",8.90422429258357e-06,-0.369362916003771,0.111,0.408,0.276502876957598
"Hint2",9.32304694350404e-06,-0.497837199358826,0.074,0.349,0.289508576736631
"Clns1a",9.38717330325131e-06,-0.547204623373637,0.086,0.355,0.291499892585863
"Psmd11",9.50798962176142e-06,-0.675012311741464,0.123,0.395,0.295251601724557
"Fubp1",1.02701928173786e-05,-0.53715194851958,0.296,0.625,0.318920297558057
"Dbi",1.03459625659317e-05,-0.456764606854099,0.309,0.678,0.321273175559877
"Vps35",1.04215060261717e-05,1.18972156329015,0.469,0.257,0.32361902663071
"Ssbp1",1.0692306708289e-05,-0.658581963496376,0.16,0.447,0.332028200212498
"Tecr",1.11487772625955e-05,-0.383257209116913,0.123,0.441,0.346202980335377
"Morf4l2",1.1188098783452e-05,-0.526846131140586,0.111,0.401,0.347424031522534
"Galk1",1.13665710817755e-05,-0.494723988525111,0.037,0.289,0.352966131802374
"Sar1a",1.21320782215186e-05,-0.609923977476906,0.148,0.441,0.376737425012817
"Map1lc3b",1.26078903024832e-05,-0.663770276721826,0.123,0.408,0.39151281756301
"Ube2a",1.27790410571975e-05,-0.45210931299078,0.247,0.586,0.396827561949155
"Actl6a",1.27927732284463e-05,-0.369605631828831,0.099,0.382,0.397253987062944
"Sec61b",1.30651745746124e-05,-0.487742000327141,0.272,0.579,0.405712866065439
"H2afy",1.30669410546845e-05,-0.4595120913207,0.333,0.678,0.405767720571116
"Snhg6",1.32489168907753e-05,-0.42786905349473,0.074,0.336,0.411418616209245
"Rbm25",1.34790757148345e-05,-0.51804337888454,0.259,0.605,0.418565738172757
"Zrsr2",1.36515769758395e-05,-0.403223313436205,0.358,0.737,0.423922419830743
"Pmf1",1.36539300293474e-05,-0.488785314736034,0.099,0.375,0.423995489201326
"Rest",1.4215132710971e-05,-0.612194342305028,0.099,0.382,0.441422516073781
"Gm8186",1.42490065147072e-05,-0.370226374280509,0.111,0.401,0.442474399301204
"Uba1",1.48241500329789e-05,-0.538906222369347,0.099,0.375,0.460334330974094
"Pgam1",1.55989402786089e-05,-0.635898116002747,0.049,0.296,0.484393892471643
"Slbp",1.62117833125805e-05,-0.522995233138691,0.272,0.599,0.503424507205564
"Ppp4c",1.64293226870607e-05,-0.562026858244154,0.049,0.296,0.510179757401296
"Ntan1",1.6448674205069e-05,-0.564492990700528,0.037,0.27,0.510780680090009
"Psmb3",1.64739229005976e-05,-0.417299635060011,0.123,0.421,0.511564727832257
"Cope",1.68262336967179e-05,-0.666170037129773,0.099,0.362,0.522505034984182
"Etfb",1.70794262304167e-05,-0.697693559455912,0.049,0.296,0.530367422733131
"Gnb2",1.71147083609813e-05,-0.553563768129442,0.037,0.276,0.531463038733552
"Mphosph6",1.73015748385413e-05,-0.460899451808666,0.049,0.296,0.537265803461223
"Ptp4a2",1.73540950897053e-05,-0.515958426946641,0.062,0.316,0.538896714820619
"Naca",1.80211518478877e-05,-0.446871944779796,0.654,0.882,0.559610828332456
"Dpm3",1.81561766938149e-05,-0.534349325254683,0.062,0.303,0.563803754873035
"Cdc20",1.83644571263371e-05,-0.617087851204757,0.074,0.342,0.570271487144146
"Tceal9",1.83878229273597e-05,-0.358328363171691,0.099,0.388,0.570997065363301
"Rpl23a",1.84554507054612e-05,-0.276157915320558,0.963,1,0.573097110756685
"Ldhb",1.85079176086511e-05,-0.626119395982609,0.148,0.434,0.574726365501441
"Lamtor4",1.90421350917892e-05,-0.563640255524169,0.086,0.336,0.59131542100533
"Snrpd2",1.90643231316002e-05,-0.407132272814757,0.457,0.809,0.592004426205582
"Sin3b",1.91569131890758e-05,-0.451600059498264,0.296,0.618,0.59487962526037
"Raly",1.91982562683218e-05,-0.574579340154762,0.198,0.493,0.596163451900197
"Tsen34",1.92019333091397e-05,-0.552643665686784,0.086,0.362,0.596277635048714
"Mrpl18",1.97712361910671e-05,-0.47976300841447,0.173,0.474,0.613956197441205
"Snrpf",1.98340066894882e-05,-0.489254011801208,0.42,0.737,0.615905409728678
"Adrm1",2.0406179681802e-05,-0.431675123297577,0.062,0.309,0.633673097658999
"Srsf2",2.06054272049895e-05,-0.401231042781191,0.284,0.618,0.639860330996538
"Rplp0",2.14798691779519e-05,-0.343476476719974,0.815,0.987,0.667014377582939
"Mrpl41",2.15026374117588e-05,-0.518171450369671,0.037,0.263,0.667721399547346
"Hpf1",2.19812393234621e-05,-0.359620507662655,0.123,0.421,0.682583424711469
"Pdhb",2.31212555843194e-05,-0.490072588598825,0.062,0.309,0.71798434965987
"Hdac2",2.31266097227794e-05,-0.357128100229962,0.222,0.553,0.718150611721468
"Brd4",2.4306155055574e-05,-0.584577911541684,0.099,0.368,0.754779032940741
"Ndufa7",2.61884426279373e-05,-0.395992560742732,0.432,0.783,0.813229708925337
"Sms",2.62888948427993e-05,-0.369479233209713,0.222,0.526,0.816349051553446
"Pcna",2.71202573908119e-05,-0.385054861616366,0.062,0.316,0.842165352756882
"Cdkn2d",2.77551295295367e-05,-0.374991084869551,0.049,0.296,0.861880037280703
"Gtpbp4",2.82166555808415e-05,-0.490242231453857,0.185,0.48,0.876211805751871
"Rbbp7",2.90857627323951e-05,-0.397126641075745,0.235,0.559,0.903200190129065
"Kpna2",2.92055600099713e-05,-0.700920138827603,0.037,0.257,0.90692025498964
"Bex3",3.01343788129014e-05,-0.481762829521329,0.148,0.414,0.935762865277026
"Hnrnpdl",3.03581647002648e-05,-0.366639005638368,0.185,0.5,0.942712088437323
"Rpsa",3.07949658423e-05,0.298882188538449,1,0.967,0.956276074300941
"Dhx40",3.23070485922551e-05,0.937462603940231,0.333,0.125,1
"Uqcrc1",3.25574551440256e-05,-0.449273319833675,0.21,0.5,1
"Taf1d",3.32591857495184e-05,-0.418744822215833,0.173,0.487,1
"Gspt1",3.41815481343766e-05,-0.457104308654415,0.16,0.461,1
"Atp5g2",3.72519420157879e-05,-0.418156046755719,0.556,0.855,1
"Psma1",3.75225627191991e-05,-0.34840668112781,0.222,0.546,1
"Rnf7",3.77818699803783e-05,-0.410261670040936,0.173,0.447,1
"Clta",3.78912014356399e-05,-0.475017832704019,0.123,0.408,1
"Rpl12",3.84575230892456e-05,0.443027225262488,0.889,0.934,1
"Ergic2",3.85745276681064e-05,-0.355814577331126,0.111,0.388,1
"Cuta",4.10797541281015e-05,-0.43217621032096,0.136,0.408,1
"Lage3",4.11397994204473e-05,-0.438890264348711,0.111,0.382,1
"Fam96a",4.12439916568499e-05,-0.508004254083831,0.037,0.257,1
"Eloc",4.28090377609006e-05,-0.301858809996321,0.235,0.553,1
"Fh1",4.2995307900809e-05,-0.392946264150911,0.086,0.349,1
"Coa3",4.4414710036226e-05,-0.518930187569569,0.062,0.296,1
"Rhox1",4.48715126861885e-05,-0.624187797389443,0.062,0.289,1
"Timm17a",4.675681536465e-05,-0.309898486514332,0.074,0.322,1
"Tkt",4.69119485914652e-05,-0.60409554484201,0.099,0.349,1
"Mrpl36",4.72121299825248e-05,-0.418796171950516,0.062,0.296,1
"Mrpl24",4.72169839803967e-05,-0.485918621411107,0.136,0.395,1
"Ppp1cc",4.80708409409025e-05,-0.384974151989967,0.074,0.316,1
"Srsf11",4.82259039169926e-05,-0.396695284899527,0.185,0.487,1
"Gadd45gip1",5.01331379793783e-05,-0.365141840378901,0.111,0.382,1
"Map2k2",5.01640328434902e-05,-0.497090421396882,0.123,0.382,1
"Hsf2",5.16165655263575e-05,-0.31089133773106,0.074,0.329,1
"Ost4",5.19890091985724e-05,-0.407740232048552,0.148,0.434,1
"Insig1",5.40720286145831e-05,-0.623150679645407,0.086,0.322,1
"Aldh7a1",5.51745955167705e-05,-0.378099901381163,0.062,0.303,1
"Tomm22",5.56708717435736e-05,-0.394730676614486,0.198,0.474,1
"Pttg1",5.5946720142706e-05,-0.470982766649237,0.062,0.289,1
"Mrps12",5.76597858073279e-05,-0.272011328951375,0.173,0.474,1
"Bsg",5.80173109487391e-05,-0.47519736847897,0.21,0.507,1
"Metap2",5.98591240562679e-05,-0.262287834071934,0.395,0.717,1
"Timm13",6.02731141115102e-05,-0.483867346907788,0.235,0.533,1
"Mrpl54",6.16107186013602e-05,-0.583353519165359,0.284,0.586,1
"Ube2i",6.24597892767156e-05,-0.505050922743211,0.333,0.632,1
"Akr1b3",6.24968295767431e-05,-0.507329924350699,0.074,0.309,1
"Ubtf",6.32109879270039e-05,-0.678320261010457,0.049,0.263,1
"Nono",6.38430747893108e-05,-0.33175208868291,0.173,0.461,1
"Capzb",6.44542140248225e-05,-0.317085243325042,0.062,0.303,1
"Sod2",6.7282068839613e-05,-0.460279157870269,0.16,0.441,1
"Slc25a39",6.75712548634626e-05,-0.406268837183731,0.037,0.257,1
"Ssr1",7.08699189509425e-05,-0.495161250357039,0.111,0.375,1
"Gmnn",7.26436152089501e-05,-0.33513717308296,0.173,0.48,1
"Cox17",7.41631159972965e-05,-0.311728996230869,0.272,0.618,1
"Snrpa",7.52529261449236e-05,-0.645656007309986,0.111,0.349,1
"Gnb1",7.68259513353094e-05,-0.399909966242867,0.272,0.586,1
"Myef2",7.69067883732081e-05,-0.396299864858434,0.111,0.362,1
"Pop5",7.80735496199206e-05,-0.377690666210425,0.111,0.375,1
"Mbd3",8.12385141079379e-05,-0.344078707800056,0.099,0.336,1
"Eea1",8.19006236939707e-05,1.05389905500459,0.284,0.099,1
"Rb1cc1",8.24288741981653e-05,0.927452066779494,0.296,0.105,1
"Fmr1",8.27433168894938e-05,0.97890046300505,0.58,0.454,1
"Cdc34",8.28555538542582e-05,-0.44017640328657,0.16,0.434,1
"Mrpl12",8.38103329363274e-05,-0.38083091957857,0.099,0.349,1
"Rpl3",8.38953148505767e-05,-0.259928870096604,0.877,0.993,1
"Cks1b",8.46284909204867e-05,-0.366933137196374,0.074,0.309,1
"Psmb7",8.51725313983593e-05,-0.394299967422806,0.259,0.553,1
"Btf3",8.6457375519222e-05,-0.47246135224468,0.481,0.789,1
"Parl",9.08485235840378e-05,-0.267853390588603,0.049,0.263,1
"Psma2",9.32651743454572e-05,-0.400501025398073,0.395,0.678,1
"Maged1",9.39813448048006e-05,-0.39492010734513,0.247,0.533,1
"Pdcd4",9.50024384942052e-05,-0.529493169552014,0.296,0.586,1
"Ndufa5",9.55977402345785e-05,-0.3870526707705,0.235,0.546,1
"Eif4e",9.62116563454383e-05,-0.405775654978299,0.198,0.507,1
"Smndc1",9.67045570312142e-05,-0.555666422017174,0.099,0.322,1
"Cdk4",9.72468107328518e-05,-0.264162501255651,0.086,0.329,1
"Lsm4",0.000100233459319626,-0.285216952478692,0.395,0.743,1
"Dnajc8",0.000103043851570403,-0.42601380010383,0.284,0.586,1
"Pnisr",0.000103954232529515,-0.324278362467436,0.099,0.368,1
"Eef1d",0.000104216820633287,-0.425355806553351,0.333,0.651,1
"Hbb-bs",0.000105797058467137,-0.589798869856111,0.815,0.697,1
"Rbm8a",0.000106934262598105,-0.476534518573729,0.37,0.658,1
"Rpl10a",0.000108051274608921,0.25157104593523,0.914,0.974,1
"Eif3f",0.000111201556128227,-0.344860721526193,0.259,0.566,1
"Nop53",0.000114886903393252,-0.493421311921086,0.136,0.388,1
"Cox7a2",0.000115255288947565,-0.43233277121965,0.556,0.829,1
"Hspa5",0.000116321987666079,1.02730073050881,0.556,0.434,1
"Cct5",0.000117694557287121,-0.377358318453509,0.432,0.743,1
"Pin1",0.00012298383427971,-0.326094123370177,0.111,0.355,1
"Exosc7",0.000124156479751745,-0.580806076016252,0.086,0.303,1
"Rac1",0.000127039222332901,-0.296933388411574,0.111,0.375,1
"Hnrnpu",0.000130682445841691,-0.270606836040478,0.321,0.678,1
"Epcam",0.000135221025458941,-0.432617268877804,0.074,0.296,1
"Ddx39",0.000135429325767217,-0.590056058301861,0.086,0.309,1
"Tuba3a",0.000135473822997864,-0.465792172813574,0.148,0.408,1
"Fkbp2",0.000137054137642812,-0.488611193039714,0.136,0.375,1
"Hsd17b10",0.000137087228770706,-0.306886453263634,0.062,0.283,1
"Fus",0.000138002591606801,-0.26104057259379,0.333,0.638,1
"Fam50a",0.000148557967535093,-0.436362317088331,0.136,0.395,1
"Jpt1",0.00015042942218193,-0.618542524604685,0.185,0.434,1
"0610010K14Rik",0.000151534878075527,-0.415036212176116,0.074,0.296,1
"Mdk",0.000158464801853119,-0.264751507826824,0.259,0.553,1
"Ubn1",0.000162298441682208,0.810485997836808,0.333,0.145,1
"Fam32a",0.000162981212870289,-0.632375073721566,0.099,0.316,1
"Mcm5",0.00016409710046689,-0.363778632079695,0.136,0.388,1
"Rsl24d1",0.000166849683649011,-0.299557027965633,0.049,0.257,1
"Phf5a",0.000169871481549719,-0.481491801844192,0.148,0.401,1
"Ezh2",0.000171196745806273,-0.394554488150769,0.21,0.5,1
"1810037I17Rik",0.000173897635764683,-0.435984090452454,0.16,0.414,1
"Ubl5",0.000174883268468407,-0.413987964475525,0.358,0.638,1
"Cenpx",0.000184302148652552,-0.558202307456175,0.148,0.388,1
"Anapc13",0.000186866286839776,-0.384444517925129,0.333,0.618,1
"Aprt",0.000188265971853876,-0.425570357857687,0.062,0.276,1
"Iah1",0.000189372449705557,-0.509534004581276,0.099,0.329,1
"Dnmt1",0.000191103619957919,-0.346801851558695,0.111,0.355,1
"Smarce1",0.000193784404104085,-0.256014215117335,0.099,0.336,1
"Ndufa4",0.000194463921546189,-0.445207246047282,0.481,0.737,1
"Ilf2",0.000194548392791987,-0.50720640838517,0.123,0.362,1
"Ggnbp2",0.000201876043258593,-0.466153605306986,0.099,0.329,1
"Mrto4",0.000202518164410283,-0.251832453079283,0.136,0.388,1
"Cetn3",0.000206626229554919,-0.386167690558801,0.185,0.454,1
"Mrps18a",0.000212185204152022,-0.396927550490847,0.123,0.362,1
"Cox5b",0.000212501941124768,-0.376238325347589,0.519,0.822,1
"Ebna1bp2",0.000228159613758386,-0.388671355372028,0.16,0.414,1
"Bub3",0.000228452386055826,-0.414787381508376,0.074,0.289,1
"Rrbp1",0.000231405082027243,-0.529059968887576,0.235,0.487,1
"Ndufa3",0.000237573273939822,-0.38850580607857,0.247,0.546,1
"Ahsa1",0.000238082400947644,-0.62860090035086,0.074,0.276,1
"Ppdpf",0.000238187381469689,-0.404756661145046,0.173,0.428,1
"Topbp1",0.000240672346880483,0.904388322446659,0.42,0.243,1
"Upf3b",0.000245121387811656,-0.384449932629956,0.086,0.309,1
"Dhx36",0.000246444545287423,1.08706292252369,0.272,0.105,1
"mt-Nd5",0.000249834125240905,0.938120485612789,0.481,0.336,1
"Rrs1",0.000251074162715813,-0.357443390608608,0.074,0.283,1
"Lsm3",0.000256930293329192,-0.313917987834721,0.358,0.632,1
"Dstn",0.000262807532724622,-0.598680410449052,0.148,0.388,1
"Snrnp27",0.00026449121518665,-0.340703267158022,0.198,0.467,1
"Med10",0.00026797939649106,-0.303237618478802,0.148,0.388,1
"Swi5",0.000270647714311542,-0.347627752936821,0.395,0.724,1
"Incenp",0.000272534378485441,-0.431234188903141,0.074,0.276,1
"Fkbp1a",0.00027827424824419,-0.376834500946227,0.222,0.493,1
"Bptf",0.000288148863329099,0.961515324721662,0.383,0.204,1
"Smarcc1",0.000312547256450479,-0.328984244802767,0.136,0.355,1
"Manf",0.000315044630548152,-0.45175489304113,0.148,0.382,1
"Pigp",0.000315560112032171,0.867043494015141,0.494,0.362,1
"Pdcd10",0.000317202788165198,-0.394303718315552,0.173,0.428,1
"Zfp428",0.000319891212304671,-0.256997638527316,0.062,0.27,1
"Acin1",0.000326623562995131,-0.278716625508133,0.222,0.493,1
"Hdgf",0.000337210519927507,-0.303931630176644,0.16,0.421,1
"Mrpl28",0.00034973332599932,-0.348682359743528,0.136,0.362,1
"Mrpl33",0.000351002361654042,-0.379951267067468,0.309,0.625,1
"Ppp2ca",0.000353436963669901,-0.445446670749492,0.123,0.349,1
"Lyar",0.000356343269900622,-0.513105308701921,0.173,0.408,1
"Psmd13",0.00035757995625537,-0.379933257724689,0.099,0.309,1
"Csnk2a1",0.000367865048124926,-0.31202070002456,0.074,0.276,1
"Psmc5",0.000377466064710503,-0.556938362695664,0.111,0.322,1
"Spc25",0.000387608400109252,-0.382449194635727,0.222,0.474,1
"Psmg1",0.000390380451644261,-0.363554322967701,0.185,0.441,1
"Pnkd",0.000397739392549838,-0.331387602923443,0.099,0.322,1
"Commd4",0.000419549336624926,-0.332080544667601,0.074,0.276,1
"Ndufb4",0.000419834164342778,-0.389358419150133,0.358,0.638,1
"Ndufs4",0.00043752404413718,-0.379328450527475,0.259,0.52,1
"Siah1b",0.000440718890629374,-0.388989975661699,0.173,0.421,1
"Thumpd3",0.000445390396354103,-0.277087687750532,0.062,0.263,1
"Exosc5",0.000452909490655262,-0.3234176856927,0.086,0.296,1
"Cenpm",0.000461793325161474,-0.454398996694482,0.148,0.362,1
"Trappc1",0.000462882654885171,-0.386780350074348,0.062,0.257,1
"Tbrg1",0.000468270224119011,-0.490214264382191,0.099,0.309,1
"Ccdc181",0.000471294638405075,0.755638859877426,0.272,0.112,1
"Higd1a",0.000473808319167869,-0.380396546975762,0.259,0.546,1
"Snrpa1",0.000497752325776908,-0.433190700225077,0.086,0.296,1
"Emd",0.000512959146912846,-0.449247705799695,0.173,0.414,1
"Wdr36",0.000521561843765018,0.847362236835954,0.309,0.138,1
"Plp2",0.000526765360282069,-0.350452537415608,0.16,0.388,1
"Nolc1",0.00053255637993407,-0.37181585887327,0.111,0.329,1
"Ctsd",0.000536772308477144,-0.444259327466244,0.136,0.342,1
"Pdcd2",0.000552409376944467,-0.270305971507442,0.086,0.296,1
"Parp1",0.000559021386376513,-0.498932433035174,0.259,0.507,1
"Rpn2",0.000560673804587463,-0.383218282036258,0.123,0.349,1
"Mrpl14",0.000562483281603272,-0.260288527076047,0.148,0.382,1
"Arf5",0.000585627967160295,-0.305834189759517,0.173,0.408,1
"Lsm8",0.000585911080491996,-0.332547128407388,0.296,0.572,1
"Cops6",0.0005875124388374,-0.263955988892462,0.21,0.454,1
"Dazap1",0.000588045292735126,-0.380850752644742,0.111,0.322,1
"Psma6",0.000626662707547696,-0.287597842459383,0.296,0.566,1
"Lsm6",0.000641621562009429,-0.384318847434214,0.222,0.474,1
"Hmgb2",0.00065226825310812,-0.302604085848167,0.79,0.961,1
"Alyref",0.000657078031358713,-0.39626669388659,0.21,0.461,1
"Polr2i",0.000667139251738773,-0.254323001658403,0.21,0.487,1
"Trap1a",0.000671323202503985,-0.54458507183111,0.086,0.283,1
"Brd3",0.000671711976702691,-0.342589424925442,0.074,0.27,1
"Cdca8",0.000675221175818472,-0.33668268685464,0.16,0.388,1
"Sf3b3",0.000697209200222001,-0.277369674331464,0.123,0.355,1
"Naxe",0.000700263165580973,-0.323109003981918,0.16,0.388,1
"Tpr",0.000701689980713932,0.912102585149601,0.556,0.48,1
"Hspb11",0.000710828857613944,0.893115931655236,0.383,0.23,1
"Fam104a",0.000717280770381387,-0.414486116248692,0.136,0.349,1
"Evi5",0.000750471892340253,-0.279583202353316,0.136,0.368,1
"Gcsh",0.000770947420206436,-0.291618787242592,0.074,0.27,1
"Trim28",0.000801013015990898,-0.420190656415285,0.185,0.401,1
"Nipbl",0.000816644365625042,1.03338312650124,0.407,0.257,1
"Higd2a",0.000816653715389857,-0.270154076869471,0.099,0.303,1
"Eif3g",0.000823559115713432,-0.376579815136241,0.37,0.632,1
"Ppp1cb",0.000829614144958196,-0.432752895941778,0.111,0.316,1
"Mdh1",0.000829860240337202,-0.282103768747543,0.074,0.27,1
"Atox1",0.000841603334118561,-0.335840158747866,0.383,0.645,1
"Cst3",0.00087407488279631,-0.266472646745992,0.259,0.513,1
"Trmt112",0.00088260875233075,-0.373547307133859,0.185,0.401,1
"Gpbp1",0.000887117147952025,0.926831998943632,0.506,0.388,1
"Ash2l",0.000894800640411436,-0.273703330078436,0.086,0.289,1
"Zfp207",0.000931583489532543,-0.322218430390173,0.136,0.355,1
"Id2",0.000939099412556553,-0.27159328391598,0.123,0.342,1
"Rpl30",0.00094024669918463,0.322803545019422,0.901,0.901,1
"Vbp1",0.000951458906392111,-0.262002551452539,0.309,0.572,1
"Psmc1",0.000959511632021049,-0.304071229783085,0.111,0.316,1
"Eef1e1",0.00101977770554968,-0.461743130259914,0.074,0.257,1
"Huwe1",0.00104937472598667,0.871519469509386,0.519,0.434,1
"Fkbp8",0.0010496939597201,-0.286990337429106,0.136,0.355,1
"Rnps1",0.0010692505807818,-0.291352517970715,0.222,0.48,1
"Cbwd1",0.00108591319715016,0.802293163111908,0.259,0.105,1
"Htatsf1",0.00122120681650167,-0.346087219851884,0.148,0.355,1
"Pdk3",0.00125333697579343,-0.352633657325752,0.173,0.388,1
"Rps13",0.00127960890914868,-0.263123646198959,0.827,0.961,1
"Rnf17",0.00129191846662763,0.967422312791161,0.407,0.263,1
"Ap2s1",0.00132160930710414,-0.339730220140173,0.123,0.316,1
"2810004N23Rik",0.00138905324798401,-0.287935734054045,0.222,0.474,1
"Cenps",0.00145279990824729,-0.418458403641322,0.086,0.263,1
"Ier3ip1",0.00149102922945337,-0.334878144409448,0.21,0.441,1
"Dazl",0.00150844174783248,-0.342679397289043,0.654,0.862,1
"Phf14",0.00156092371355148,-0.317547673460052,0.111,0.309,1
"Mcm3",0.00157041844554837,-0.322929729204399,0.123,0.329,1
"Map7d2",0.00157962330204878,0.718910341846018,0.531,0.421,1
"Paip1",0.00158321293873981,-0.305531455010361,0.136,0.342,1
"Mov10l1",0.00167002441902953,0.861569332037105,0.309,0.151,1
"Rbm17",0.00178517671782801,-0.322824775827556,0.185,0.408,1
"Pfdn6",0.00187398513611605,-0.254071366916299,0.309,0.586,1
"Ift74",0.00197393921559579,1.05970522529925,0.321,0.178,1
"Zwint",0.00199975011806344,-0.432333470920801,0.123,0.316,1
"Cct8",0.00203743081027824,-0.283662585603014,0.506,0.789,1
"Bud31",0.00208144576435699,-0.431232338787321,0.173,0.375,1
"Pabpc1",0.00211186713135581,0.702497481327501,0.63,0.625,1
"Tmx4",0.00215448881783753,0.906275259807118,0.272,0.132,1
"Smc3",0.00215681599687204,-0.365788842017781,0.444,0.724,1
"Ywhaz",0.00218314023053951,-0.398298166348957,0.173,0.382,1
"Wnk1",0.00233035414622499,0.731845472677712,0.457,0.316,1
"Uba6",0.00236831452430903,0.775623712445508,0.358,0.211,1
"Kif2a",0.00240362588549345,0.837016392899063,0.358,0.217,1
"Spa17",0.00245788767738744,0.795261855657404,0.272,0.132,1
"Rps25",0.00246593075298429,-0.29037839949192,0.753,0.921,1
"Aurkaip1",0.00248079044975303,-0.27536823959027,0.272,0.52,1
"9930021J03Rik",0.00251906182231819,0.77686119561802,0.259,0.118,1
"Rrp15",0.0026797681521547,-0.2840000797897,0.099,0.27,1
"Rnf187",0.00274845012158131,-0.293813309087992,0.099,0.276,1
"Scp2",0.00275151979209252,-0.319847776820122,0.148,0.349,1
"Ddost",0.00290040779599971,-0.293485836465526,0.173,0.382,1
"Snu13",0.002933625847645,-0.286856529758116,0.494,0.77,1
"Pdap1",0.00295083766361285,-0.304504600899143,0.42,0.691,1
"Rnf2",0.00297574563695559,-0.28948440262,0.086,0.257,1
"Ccdc73",0.00297681385841034,0.868459036328407,0.296,0.158,1
"Cdkn2a",0.00300976391133447,-0.506410931148537,0.111,0.283,1
"Tsc22d3",0.00315367724135879,0.642615720165857,0.272,0.132,1
"H2afj",0.0031537711596917,-0.326003022406751,0.111,0.296,1
"Mrpl38",0.00316793130772044,-0.342347291431864,0.111,0.289,1
"Gm11808",0.00316944113524701,-0.276140354639698,0.222,0.434,1
"Ckap5",0.00325547934714136,0.94345160551262,0.333,0.191,1
"Ppp1r2",0.00330032553179438,-0.27612377443738,0.136,0.322,1
"Grpel1",0.00339579218477091,-0.286703318599089,0.21,0.441,1
"Strbp",0.00344909753612008,0.8720045782699,0.457,0.349,1
"Pafah1b2",0.00352003177522325,-0.35734785548271,0.136,0.329,1
"Ktn1",0.00353545895655961,-0.358313176615883,0.185,0.388,1
"Dzip3",0.00360466296976152,0.813300744621834,0.444,0.322,1
"H2-K1",0.00364516852591664,0.708365470157786,0.284,0.145,1
"Ndufa2",0.00369625619532592,-0.318469196623142,0.568,0.77,1
"Rpl22l1",0.00377895964020889,-0.25747007017146,0.704,0.941,1
"Nmt2",0.00380020252798144,-0.307498106291757,0.284,0.507,1
"Iqcb1",0.00383619043261743,0.677504135467988,0.531,0.474,1
"Brca2",0.00401112743173023,0.913643519331615,0.321,0.178,1
"Exoc3",0.00404660941809722,0.735439290759219,0.321,0.178,1
"Snrpe",0.0040496143784802,-0.274923596675549,0.593,0.842,1
"Ndufs3",0.00405737938964301,-0.367986708272986,0.235,0.441,1
"Haus4",0.00406414207477765,-0.319991711523799,0.111,0.276,1
"Cct3",0.00412200645662951,-0.29357488588007,0.494,0.77,1
"Nusap1",0.00424939536058979,-0.26621245072797,0.099,0.27,1
"Rad17",0.00427687998243687,0.799251229729011,0.284,0.145,1
"Trappc4",0.00460202103857513,-0.30376835127861,0.111,0.276,1
"Ppib",0.00492803444537976,-0.261784100947361,0.358,0.592,1
"Stk31",0.00496505223476779,0.637416765392263,0.605,0.579,1
"Lsm1",0.00498241342455566,-0.389791215648505,0.148,0.316,1
"Dnaja1",0.00530840017145582,-0.32000065631399,0.593,0.809,1
"Hectd1",0.00531912349398468,0.83403829894022,0.272,0.145,1
"Acot13",0.00562042045216118,-0.30024662822433,0.136,0.303,1
"Stag3",0.00570423184061816,0.76286713469829,0.296,0.171,1
"Armc1",0.00571447212357698,-0.37682625357454,0.136,0.303,1
"Anapc16",0.00583575123332424,0.719493788766705,0.259,0.132,1
"Slc24a5",0.00585511134453279,-0.273425763388937,0.111,0.27,1
"Tex101",0.00588970004392341,0.670717248893164,0.42,0.296,1
"Paics",0.00602905546111452,-0.299004498754273,0.111,0.276,1
"Gtf2f2",0.00609128033992656,-0.250857753178775,0.099,0.257,1
"Copb2",0.00649404696462378,0.844885933177557,0.519,0.441,1
"Mrpl51",0.00650980674100601,-0.281312080321888,0.247,0.447,1
"Larp7",0.00679925710585729,0.866419195343993,0.494,0.414,1
"Arpc3",0.0070160163769281,-0.325874186210764,0.16,0.342,1
"Sfr1",0.0072802320632867,-0.2725374778111,0.432,0.691,1
"Rsrc2",0.00730824157258748,-0.299849511608918,0.235,0.434,1
"Akap11",0.00746775705815166,0.688198657213253,0.259,0.138,1
"Cacybp",0.00753755619168588,-0.28564485981311,0.531,0.737,1
"Supt4a",0.0076862592961846,-0.303519395327899,0.198,0.375,1
"Uqcr10",0.00795689386778669,-0.339100135856581,0.42,0.658,1
"Eif5",0.00805156043124229,0.587095847646098,0.654,0.625,1
"Ncl",0.00854373182229589,-0.315335473145967,0.654,0.901,1
"Ccdc88a",0.0086673725459316,0.843941135648187,0.284,0.158,1
"Taf10",0.00885988659768649,-0.257276413153961,0.259,0.467,1
"Trappc3",0.0093417705845582,-0.301577054949779,0.123,0.283,1
"Rnf216",0.00959864556523026,0.746573656193133,0.284,0.158,1
"Pole4",0.00978444118636152,-0.258482783722113,0.185,0.362,1
"Thoc3",0.0102072645645107,-0.327852286374365,0.148,0.303,1
"Spc24",0.0105529094061469,-0.260801456139421,0.111,0.257,1
"Cox7a2l",0.010788734118953,0.61051363575522,0.605,0.651,1
"Tardbp",0.0110498300325017,-0.337853898338592,0.123,0.276,1
"Smc4",0.0111469032206461,0.708228478044157,0.506,0.454,1
"Rack1",0.011969103644154,0.293430247288857,0.827,0.921,1
"Zcchc11",0.0121582582646588,0.857225962571012,0.296,0.184,1
"Rbpms2",0.0128249054088697,0.570895545088931,0.296,0.171,1
"Rpl7a",0.0130838652764415,-0.252236658489994,0.827,0.961,1
"Zcrb1",0.0131480007838224,0.698830091454357,0.568,0.566,1
"Pcbp2",0.0144081218743086,0.500442296722993,0.63,0.664,1
"Tubb4b",0.014448726786076,-0.326905776834911,0.259,0.447,1
"Gkap1",0.0146535527293515,0.609227667082965,0.481,0.414,1
"Gm2000",0.0156261315473264,-0.29379282166894,0.123,0.263,1
"Rock1",0.0159850738303188,0.586391938508042,0.407,0.309,1
"Spata5",0.016170384214114,0.671624374130397,0.444,0.349,1
"C1d",0.0162479056925759,-0.258601732434632,0.136,0.276,1
"Zfp518a",0.0163284298344908,0.863872650795364,0.259,0.151,1
"Atp5l",0.0166809930923671,-0.299589607071915,0.543,0.737,1
"Eif1b",0.0172063859126397,0.899156798849782,0.432,0.362,1
"Zfp318",0.0181296086810882,0.690670109199544,0.346,0.237,1
"Etf1",0.0185310942336533,-0.307666632643971,0.123,0.257,1
"Cebpz",0.020647862684021,-0.332453386198652,0.21,0.368,1
"Eef2",0.0211871905876589,-0.257106141072264,0.556,0.75,1
"Polr2a",0.0219254942934093,0.63061241212822,0.309,0.204,1
"Ubr4",0.0222521243584983,0.860640548264456,0.259,0.164,1
"Ccni",0.0232375551613828,-0.286010725720307,0.136,0.27,1
"Mrps9",0.0237130859241934,0.737347160748776,0.333,0.243,1
"Nol8",0.0237527003431636,0.65567383995203,0.296,0.184,1
"Kmt2c",0.024217550315416,0.591328198678697,0.272,0.164,1
"Tcp1",0.0243658756523612,0.466890530622481,0.679,0.737,1
"Kdm5b",0.024593572094881,0.554616300645213,0.444,0.342,1
"Mat2a",0.0249211623299204,-0.260299310039099,0.173,0.316,1
"Usp3",0.0253422032222891,0.681655749626523,0.309,0.211,1
"Mmadhc",0.0257806444788042,0.625704947139563,0.333,0.23,1
"Cenpq",0.0263301790631592,0.78120790233787,0.321,0.224,1
"Strap",0.0265168367911592,-0.300630416274764,0.185,0.329,1
"Bub1",0.0289396576569467,0.56406386403698,0.42,0.336,1
"Rasa1",0.0307547946930927,0.711510920407865,0.321,0.224,1
"Trip12",0.0315269867034082,0.715197393022767,0.346,0.25,1
"Herc1",0.0315893907605291,0.727778939300363,0.309,0.211,1
"Rtraf",0.0349214801634547,0.401815774384153,0.642,0.737,1
"Cdk11b",0.0360422004539457,0.591584236919099,0.531,0.493,1
"Ankrd49",0.0361303164101414,0.790981555947589,0.309,0.211,1
"Dnajc21",0.0363724972420543,0.564109271778287,0.519,0.48,1
"Golga4",0.0411028771976297,0.79882182541195,0.296,0.204,1
"Eif2s2",0.0411746717310475,0.382709619554316,0.679,0.737,1
"Yipf4",0.042001966949987,0.588371035856487,0.259,0.164,1
"Larp1b",0.0434264628943951,0.719479530554942,0.272,0.184,1
"Rpap3",0.0484022427100251,0.258920104950129,0.123,0.257,1
"Fut8",0.0518706001453687,0.283986963657203,0.259,0.151,1
"Twistnb",0.0569049717890442,-0.273665029016778,0.16,0.276,1
"Scaper",0.066710456662573,0.688580204514105,0.272,0.191,1
"Trmt10a",0.0726886741434942,0.702993294614632,0.259,0.178,1
"Jade3",0.0793166646748686,0.600529793502749,0.259,0.184,1
"Ddx5",0.0841961414186699,0.301599805914546,0.679,0.77,1
"Emc7",0.0887824982521551,0.606928041925396,0.296,0.23,1
"Gtf2a2",0.0888423045918905,0.581019020636662,0.395,0.349,1
"Polr2b",0.0896871932217449,0.574316061197829,0.284,0.211,1
"Pspc1",0.090544900709564,-0.258223190883285,0.173,0.276,1
"Pcm1",0.0905845194959725,0.539683111730666,0.296,0.224,1
"Zfp91",0.097631500465966,0.698604562438205,0.309,0.237,1
"Cript",0.105626028397227,0.584862231366458,0.296,0.243,1
"Macrod2",0.112820088079883,0.376686518898728,0.259,0.184,1
"Smarca5",0.113856676072449,0.475270695142267,0.58,0.678,1
"Lars",0.11799321893726,-0.272741258486006,0.222,0.322,1
"Top1",0.127883426293359,0.279841121651874,0.235,0.375,1
"Usp34",0.13299300616798,0.504559474221491,0.42,0.375,1
"Odc1",0.148523401855994,0.52065876775445,0.383,0.355,1
"Arhgap5",0.152352637935919,0.551355222387533,0.383,0.342,1
"Fyttd1",0.15762416059306,0.683752913229599,0.321,0.289,1
"H1fx",0.165479723046484,0.43537608272223,0.358,0.316,1
"Rfc4",0.167143810991053,0.576850729374728,0.42,0.421,1
"Eif2b3",0.167162675013132,0.525081040974451,0.333,0.289,1
"Calr",0.172625239113611,0.458496455438547,0.568,0.651,1
"Ndufv2",0.179598579530944,0.401764753709618,0.494,0.546,1
"Top2a",0.179612511561782,0.644243690380051,0.494,0.5,1
"Polr2k",0.188956618779992,0.415833050513753,0.543,0.592,1
"Nasp",0.193135345234966,0.328704133615616,0.593,0.625,1
"Mrpl11",0.202335522213167,0.312029173459654,0.222,0.349,1
"Gclm",0.209575923237849,0.286015955632861,0.259,0.401,1
"Cstf2",0.210429915733279,0.416687916201403,0.259,0.211,1
"Eif3j1",0.212096390493587,0.258501154050644,0.259,0.368,1
"Cetn2",0.217839726796748,0.294192204083213,0.173,0.276,1
"N4bp2l2",0.224826252617608,0.264263637051781,0.185,0.283,1
"Txlng",0.227921882950226,0.846064264349071,0.272,0.237,1
"Srp14",0.234022020562683,0.463476326581598,0.543,0.599,1
"Vti1b",0.235262620332442,0.327791500047496,0.284,0.23,1
"Dync1i2",0.245981383407354,0.55386656672999,0.309,0.283,1
"Eif4a2",0.247201462541343,0.920765545063128,0.407,0.421,1
"Ccdc124",0.249098357681381,0.2819668002533,0.222,0.329,1
"Nedd4",0.24933664406453,0.296878866853833,0.185,0.283,1
"Rbm5",0.250368892930615,0.289964650814029,0.16,0.257,1
"Hba-a2",0.258910020967694,-0.914379727103115,0.309,0.421,1
"Arpc1a",0.263814109830584,0.454947318122644,0.383,0.375,1
"Mpc2",0.283001310077608,0.565451671506042,0.333,0.309,1
"Smdt1",0.285878945414661,0.273017743664797,0.531,0.579,1
"Nucks1",0.29145276870238,0.252277369098701,0.222,0.322,1
"Mpc1",0.295626900303058,0.254147108249677,0.21,0.296,1
"Sod1",0.311457355761739,0.398965789402684,0.494,0.52,1
"Atp6v1d",0.315329293277632,0.493081202679878,0.272,0.237,1
"Fbxl5",0.316446497332966,0.489174312424522,0.284,0.25,1
"Tmsb4x",0.319534789155347,-0.25097049183572,0.321,0.428,1
"Rbm27",0.320198427400506,0.35415243780201,0.383,0.362,1
"Capza2",0.334796157926271,0.31279763557401,0.21,0.296,1
"Kdm5a",0.337030836278315,0.312046540525941,0.432,0.434,1
"Smc6",0.339970168569559,0.256373460752366,0.457,0.592,1
"Vamp3",0.344702462963912,0.768675232317057,0.309,0.309,1
"Ythdc1",0.345289419989381,0.386220926376677,0.346,0.336,1
"Slc25a31",0.353800161229959,0.278209101299045,0.444,0.441,1
"Taf6",0.35580768310954,0.279158704965888,0.185,0.257,1
"Ube2d3",0.356764848961995,0.377330852135288,0.519,0.572,1
"Id1",0.368984399364583,0.336637951122907,0.321,0.467,1
"Eif4b",0.371342757818221,0.481094161585237,0.309,0.289,1
"Arpc5l",0.372973562424693,0.37865449280534,0.21,0.289,1
"Aplp2",0.373227409431097,0.307666167655481,0.235,0.342,1
"Rbmx2",0.377001615456199,0.419846875907357,0.358,0.336,1
"Mrps15",0.378088450514108,0.288922499030088,0.185,0.263,1
"Fam114a2",0.410635143947406,0.481768629052739,0.272,0.263,1
"Rtf1",0.425393558281546,0.267382183105746,0.198,0.276,1
"Nemf",0.427355661714218,0.626426911173263,0.284,0.276,1
"Tax1bp1",0.429522860332859,0.619253916874832,0.346,0.349,1
"Cltc",0.44306574969997,0.50295688929012,0.259,0.237,1
"Nop58",0.445200538584955,0.339721139921341,0.358,0.467,1
"Gtf2f1",0.459827240301357,0.430056047228362,0.272,0.257,1
"Xpo1",0.464631195829568,0.304752543657049,0.272,0.355,1
"Actr10",0.468096267724728,0.488720096437707,0.284,0.296,1
"Atp2b1",0.475552342021271,0.369067886173354,0.309,0.296,1
"Acp1",0.477972657542065,0.274794295676386,0.284,0.382,1
"Ddx10",0.481831516639862,0.378655611701197,0.432,0.467,1
"Prpf40a",0.482815206920634,0.493634748793139,0.346,0.368,1
"Fam49b",0.484775410256389,0.284195478401547,0.21,0.276,1
"Iws1",0.485927284267463,0.403439716193805,0.272,0.263,1
"Aimp1",0.490259377546733,0.457570576836659,0.358,0.388,1
"Psmd14",0.50025625728879,0.321498006781264,0.272,0.349,1
"Romo1",0.506637757345512,0.417879960169832,0.346,0.342,1
"Rab2a",0.508897308517872,0.318993084827633,0.259,0.355,1
"Etnk1",0.509153172327076,0.41823660141699,0.198,0.27,1
"Zc3h15",0.511614611892803,0.370614765896659,0.519,0.632,1
"Tbca",0.51549645440144,0.29560742704517,0.519,0.638,1
"Snrnp70",0.516544343235173,0.272521115089907,0.358,0.474,1
"Mycbp2",0.530064424357069,0.368136293835337,0.309,0.296,1
"Csnk1a1",0.555082345788644,0.267174012144021,0.309,0.388,1
"Srsf5",0.560706210696342,0.369194752869215,0.407,0.454,1
"Mrpl13",0.562106175510201,0.258679618339258,0.296,0.368,1
"Gpat2",0.562982416110142,0.324538774374611,0.259,0.25,1
"Ddx4",0.566484049469596,0.333256494019009,0.407,0.533,1
"Apoo",0.566761972377614,0.262368239787067,0.222,0.283,1
"Chic2",0.568535344102096,0.358292508093386,0.333,0.428,1
"Ppp4r2",0.578506435664935,0.497844218538194,0.284,0.289,1
"Smarca4",0.580687459285442,0.543608439406685,0.272,0.283,1
"Malsu1",0.590224163510389,0.313344939191596,0.272,0.276,1
"Mtx2",0.593503747411704,0.259140224119507,0.383,0.507,1
"Zfp622",0.599712197487044,0.263024857558347,0.259,0.336,1
"Rfc1",0.602836397060837,0.560889859082502,0.309,0.329,1
"Pafah1b1",0.603946752630537,0.504985402873894,0.383,0.434,1
"Lamtor2",0.605669948520161,0.349520863925237,0.407,0.467,1
"Atxn10",0.60667290931601,0.363812754769954,0.296,0.388,1
"Birc5",0.617368945403526,0.490489851598194,0.272,0.276,1
"Cops5",0.621702538655318,0.665009450283833,0.296,0.309,1
"Lamp1",0.623839600978373,0.351875452294395,0.296,0.395,1
"Zc3h14",0.62639291830627,0.59275352637283,0.284,0.303,1
"Eny2",0.632463130352571,0.404627942816839,0.358,0.48,1
"Swt1",0.638801904460925,0.484275861414985,0.395,0.447,1
"Akap9",0.639203084989441,0.316636222224296,0.198,0.257,1
"Atad2",0.641956925783831,0.359599711434673,0.395,0.5,1
"Med4",0.654318958293394,0.312059076632931,0.21,0.263,1
"Rdx",0.655980615516608,0.325144185792583,0.395,0.52,1
"Nelfe",0.673833081083457,0.296089906788061,0.259,0.257,1
"Hbb-bt",0.675031683615605,-0.662937493623184,0.407,0.52,1
"Ttc3",0.676017919509928,0.38152612489441,0.432,0.5,1
"Lamtor5",0.681958445169885,0.453379571047745,0.358,0.395,1
"Dnttip2",0.682969242992844,0.377115804175667,0.284,0.303,1
"Cul1",0.683791537944095,0.313375690027881,0.309,0.388,1
"Tmem234",0.68379746361043,0.265125839723694,0.222,0.263,1
"Rtn4",0.684035100058135,0.294238479113269,0.284,0.283,1
"Ndufaf8",0.696401758365166,0.316830020486694,0.259,0.336,1
"Esco2",0.704476874647359,0.417917265793044,0.42,0.546,1
"Rif1",0.709190396331406,0.487734408644634,0.321,0.342,1
"Psma5",0.709935732700517,0.329250964469993,0.395,0.441,1
"Dap3",0.728425577554939,0.261359338605916,0.21,0.257,1
"Usp9x",0.729087700444472,0.496884724361889,0.383,0.461,1
"Luc7l3",0.730536408432585,0.494319332094403,0.358,0.395,1
"Pole3",0.741448794967418,0.391718424124018,0.247,0.303,1
"Eprs",0.745775445063702,0.353467060987593,0.321,0.388,1
"Dnajc2",0.75168140611358,0.395378911128644,0.37,0.428,1
"Syce1",0.755026381684602,0.429771822081823,0.247,0.263,1
"Cdk12",0.764315282588891,0.430250747466727,0.37,0.414,1
"Med19",0.767628799395086,0.452787481197064,0.21,0.257,1
"Mycbp",0.777042138587085,0.258534010043642,0.358,0.434,1
"2310061I04Rik",0.782246694966472,0.364378603465983,0.259,0.283,1
"Ube3a",0.783071836969859,0.308718489139284,0.259,0.276,1
"Pde6d",0.784954298056216,0.297632763209894,0.222,0.263,1
"Cenpf",0.792137245753548,0.256312806526092,0.42,0.493,1
"Mrps18c",0.794824383032195,0.320630698195678,0.333,0.375,1
"Krcc1",0.807831015281786,0.455167068080104,0.272,0.336,1
"Brd2",0.816199782460263,0.271330877075076,0.247,0.257,1
"Rab6a",0.826684995276584,0.454864122882724,0.296,0.336,1
"Tex12",0.82981647313944,0.362719019423861,0.395,0.461,1
"Ccar1",0.833776545046944,0.256702453346412,0.235,0.276,1
"Cdc5l",0.846074566442162,0.335699778146821,0.272,0.296,1
"Hnrnpm",0.846380184489152,0.319300191003324,0.383,0.48,1
"Faf1",0.848506340606547,0.40886506145253,0.235,0.263,1
"Rsrc1",0.853208481497422,0.361834962185638,0.259,0.27,1
"Psmg4",0.865002706183058,0.374005201138282,0.284,0.329,1
"Cwc15",0.869627726282932,0.468679127204482,0.296,0.342,1
"Naa15",0.869762984924615,0.276932861561596,0.407,0.52,1
"Vdac3",0.873754053663401,0.259901754510742,0.519,0.658,1
"Hba-a1",0.893347496345949,-0.837865386169582,0.42,0.467,1
"Zranb2",0.903484154841163,0.344788047262514,0.296,0.342,1
"Rnf138",0.910598937249807,0.295606977898205,0.259,0.289,1
"Srsf9",0.914822124520363,0.306631638789919,0.272,0.316,1
"Thoc2",0.924163306570438,0.365641104317883,0.333,0.395,1
"Ccdc34",0.924859520192748,0.280983456615166,0.296,0.342,1
"Nsa2",0.932197197603819,0.353739624733251,0.407,0.507,1
"Prrc2c",0.933151496799412,0.366571169101066,0.469,0.572,1
"Bod1l",0.943549975326523,0.335633115061566,0.272,0.309,1
"Emc10",0.94607299091262,0.363504843085325,0.222,0.257,1
"Cnih4",0.948830937219523,0.390986148790395,0.259,0.322,1
"Tdrkh",0.951886138310689,0.379698256762285,0.259,0.296,1
"Fgfr1op2",0.951886138310689,0.302141840409456,0.272,0.289,1
"Ints6",0.95306202947599,0.346508888605387,0.284,0.316,1
"Dnajb11",0.97525070982703,0.287375121730081,0.284,0.329,1
"2410015M20Rik",0.982467391309552,0.304570013128331,0.358,0.414,1
"Ddx21",0.982677806094635,0.560992645702683,0.259,0.303,1
"Atxn7l3b",0.987363205587528,0.345292003801393,0.247,0.27,1
"Senp6",0.988039403607298,0.286609396538554,0.358,0.421,1
"Prpf4b",0.992791796717119,0.540762240731151,0.259,0.289,1
"Mea1",0.992829853782021,0.25120473077132,0.259,0.296,1
"Trim37",0.994823293900373,0.471708817275098,0.259,0.283,1
